topology,family,regime,base_rate_target,base_rate_realized,eps_scale_mean,eps_scale_min,eps_scale_max,accuracy_target_band_low,accuracy_target_band_high,accuracy_target_center,accuracy_realized,accuracy_group_neg,accuracy_group_pos,accuracy_gap_pp,n_seeds
chain,linear,additive,0.35,0.35,2.5710050964355466,2.0993212890625,2.8999023437499996,0.75,0.9,0.825,0.8245333333333333,0.9526157159629873,0.7018312397095634,25.078447625342392,20
chain,linear,effect_modifying,0.35,0.35,2.6680267333984373,2.3531640625,3.251376953125,0.75,0.9,0.825,0.8242666666666667,0.9494934695747272,0.7040540953340507,24.543937424067654,20
chain,nlg,additive,0.35,0.35,1.6419161376953124,1.4158984374999997,2.0016894531249996,0.75,0.9,0.825,0.8244,0.9478302122025735,0.7064474922982292,24.138271990434422,20
chain,nlg,effect_modifying,0.35,0.35,1.7497993164062495,1.3377929687499996,1.9919262695312496,0.75,0.9,0.825,0.8246666666666667,0.9424616109087112,0.7117358114746886,23.07257994340226,20
collider,linear,additive,0.35,0.35,5.826172546386718,3.7981152343749995,8.13296875,0.75,0.9,0.825,0.8241333333333334,0.9598842785461141,0.69438119812956,26.550308041655413,20
collider,linear,effect_modifying,0.35,0.35,5.9421103515625,4.501064453125,7.508125,0.75,0.9,0.825,0.8245333333333333,0.9581018443875549,0.6966299277190264,26.14719166685284,20
collider,nlg,additive,0.35,0.35,2.513158233642578,1.5721093749999997,3.1732714843749994,0.75,0.9,0.825,0.8244,0.9475371777660211,0.7072025666789113,24.033461108710974,20
collider,nlg,effect_modifying,0.35,0.35,2.509130920410156,1.7087939453124998,3.2025610351562497,0.75,0.9,0.825,0.8242666666666667,0.948542904135936,0.7058259995865892,24.27169045493468,20
triangle,linear,additive,0.35,0.35,3.453307048797607,2.9780078124999996,4.0129052734375,0.75,0.9,0.825,0.825,0.9531662887215058,0.6942255874462632,25.89407012752426,20
triangle,linear,effect_modifying,0.35,0.35,3.1277506408691402,2.6558227539062496,3.563798828125,0.75,0.9,0.825,0.8248999999999999,0.930369953757533,0.7172884685378499,21.308148521968306,20
triangle,nlg,additive,0.35,0.35,2.962142639160156,2.57771728515625,3.4332162475585934,0.75,0.9,0.825,0.8250499999999998,0.955422793175351,0.6919814507616331,26.344134241371787,20
triangle,nlg,effect_modifying,0.35,0.35,2.329488342285156,1.9821630859374997,2.9194287109375,0.75,0.9,0.825,0.8253,0.9344016996804945,0.7139166882308573,22.048501144963716,20
