topology,family,regime,condition,N_seeds,N_eligible_total_mean,N_eligible_total_sd,N_eligible_total_min,N_eligible_total_max,N_eligible_total_N_seeds_observed,Δ_cost_mean,Δ_cost_sd,Δ_cost_min,Δ_cost_max,Δ_cost_N_seeds_observed,Δ_dist_mean,Δ_dist_sd,Δ_dist_min,Δ_dist_max,Δ_dist_N_seeds_observed,Gap_cost_mean,Gap_cost_sd,Gap_cost_min,Gap_cost_max,Gap_cost_N_seeds_observed,Gap_validity_A_neg_mean,Gap_validity_A_neg_sd,Gap_validity_A_neg_min,Gap_validity_A_neg_max,Gap_validity_A_neg_N_seeds_observed,Gap_validity_A_pos_mean,Gap_validity_A_pos_sd,Gap_validity_A_pos_min,Gap_validity_A_pos_max,Gap_validity_A_pos_N_seeds_observed,ValidityDisp_mean,ValidityDisp_sd,ValidityDisp_min,ValidityDisp_max,ValidityDisp_N_seeds_observed,N_common_found_threeway_total_mean,N_common_found_threeway_total_sd,N_common_found_threeway_total_min,N_common_found_threeway_total_max,N_common_found_threeway_total_N_seeds_observed,N_common_found_threeway_min_group_mean,N_common_found_threeway_min_group_sd,N_common_found_threeway_min_group_min,N_common_found_threeway_min_group_max,N_common_found_threeway_min_group_N_seeds_observed,Δ_cost_common_found_threeway_mean,Δ_cost_common_found_threeway_sd,Δ_cost_common_found_threeway_min,Δ_cost_common_found_threeway_max,Δ_cost_common_found_threeway_N_seeds_observed,Δ_cost_valid_subset_mean,Δ_cost_valid_subset_sd,Δ_cost_valid_subset_min,Δ_cost_valid_subset_max,Δ_cost_valid_subset_N_seeds_observed
triangle,linear,additive,L0,20,2423.45,20.33269340379261,2390.0,2465.0,20,3.894640268675327,0.058765233563750484,3.7718262125336137,4.024697656035682,20,3.8934985352883027,0.058779665489390766,3.7711655843140086,4.02384737773082,20,0.0011417333870236356,0.00027165344264130854,0.000582942001531972,0.001700289282448697,20,0.0,0.0,0.0,0.0,20,0.0,0.0,0.0,0.0,20,0.0,0.0,0.0,0.0,20,2423.45,20.33269340379261,2390.0,2465.0,20,421.7,28.050893596799146,370.0,488.0,20,3.894640268675327,0.058765233563750484,3.7718262125336137,4.024697656035682,20,3.894640268675327,0.058765233563750484,3.7718262125336137,4.024697656035682,20
triangle,linear,additive,L1-oracle,20,2423.45,20.33269340379261,2390.0,2465.0,20,3.720345331634939,0.10844495286565328,3.518318486271762,3.928179928801796,20,,,,,0,0.0,0.0,0.0,0.0,20,0.07449673155887263,0.1302887616215983,0.0,0.4335839598997494,20,0.011078484268695243,0.019588585720681083,0.0,0.06521739130434778,20,-0.06341824729017738,0.11240535174945884,-0.3765664160401003,0.023503477507075043,20,2423.45,20.33269340379261,2390.0,2465.0,20,421.7,28.050893596799146,370.0,488.0,20,3.720345331634939,0.10844495286565328,3.518318486271762,3.928179928801796,20,3.692802848187329,0.13456262249202897,3.3663473619632307,3.928179928801796,20
triangle,linear,additive,L2,20,2423.45,20.33269340379261,2390.0,2465.0,20,3.7131776470706432,0.10734601917412816,3.5153987241938474,3.9062402913663323,20,,,,,0,0.0,0.0,0.0,0.0,20,0.0,0.0,0.0,0.0,20,0.0,0.0,0.0,0.0,20,0.0,0.0,0.0,0.0,20,2423.45,20.33269340379261,2390.0,2465.0,20,421.7,28.050893596799146,370.0,488.0,20,3.7131776470706432,0.10734601917412816,3.5153987241938474,3.9062402913663323,20,3.7131776470706432,0.10734601917412816,3.5153987241938474,3.9062402913663323,20
triangle,linear,effect_modifying,L0,20,2573.45,23.28874813023843,2519.0,2606.0,20,2.7177614320591847,0.09713135999334326,2.495787899379164,2.8715675592093612,20,2.7173078966197663,0.09688465280283552,2.495787899379164,2.8706368704886516,20,0.0004535354394185509,0.0004455431227292745,0.0,0.0017239924165775022,20,0.0,0.0,0.0,0.0,20,0.0,0.0,0.0,0.0,20,0.0,0.0,0.0,0.0,20,2573.45,23.28874813023843,2519.0,2606.0,20,572.9,24.661711213944585,526.0,623.0,20,2.7177614320591847,0.09713135999334326,2.495787899379164,2.8715675592093612,20,2.7177614320591847,0.09713135999334326,2.495787899379164,2.8715675592093612,20
triangle,linear,effect_modifying,L1-oracle,20,2573.45,23.28874813023843,2519.0,2606.0,20,2.926589433814631,0.09432316105887456,2.69735008565668,3.0597192768755774,20,,,,,0,0.0,0.0,0.0,0.0,20,0.00012616836577764023,0.0003627126628617557,0.0,0.0015220700152207556,20,0.01590417986218478,0.03167415556112284,0.0,0.09153713298791022,20,0.01577801149640714,0.03174284362284546,-0.0015220700152207556,0.09153713298791022,20,2573.45,23.28874813023843,2519.0,2606.0,20,572.9,24.661711213944585,526.0,623.0,20,2.926589433814631,0.09432316105887456,2.69735008565668,3.0597192768755774,20,2.934222577495309,0.09703218814971733,2.69735008565668,3.0597192768755774,20
triangle,linear,effect_modifying,L2,20,2573.45,23.28874813023843,2519.0,2606.0,20,2.9296542748906687,0.09350959693223572,2.711238504138829,3.063482691815626,20,,,,,0,0.0,0.0,0.0,0.0,20,0.0,0.0,0.0,0.0,20,0.0,0.0,0.0,0.0,20,0.0,0.0,0.0,0.0,20,2573.45,23.28874813023843,2519.0,2606.0,20,572.9,24.661711213944585,526.0,623.0,20,2.9296542748906687,0.09350959693223572,2.711238504138829,3.063482691815626,20,2.9296542748906687,0.09350959693223572,2.711238504138829,3.063482691815626,20
triangle,nlg,additive,L0,20,2397.3,22.363268756460542,2352.0,2449.0,20,3.3435111120201384,0.058813982803682816,3.2326732515782295,3.449866361654097,20,3.3434887455076208,0.05880714647165949,3.2326732515782295,3.4498240659072628,20,2.2366512517257853e-05,2.5765018366200445e-05,0.0,9.02545560830248e-05,20,0.0,0.0,0.0,0.0,20,0.0,0.0,0.0,0.0,20,0.0,0.0,0.0,0.0,20,2397.3,22.363268756460542,2352.0,2449.0,20,395.7,29.734084641597498,347.0,473.0,20,3.3435111120201384,0.058813982803682816,3.2326732515782295,3.449866361654097,20,3.3435111120201384,0.058813982803682816,3.2326732515782295,3.449866361654097,20
triangle,nlg,additive,L1-oracle,20,2397.3,22.363268756460542,2352.0,2449.0,20,3.344905741836274,0.0593412323136039,3.2329634444122015,3.451515747812517,20,,,,,0,0.0,0.0,0.0,0.0,20,0.0027902495456298415,0.008424179199400464,0.0,0.035588972431077726,20,0.011073197499385734,0.021879191215618377,0.0,0.09345794392523366,20,0.008282947953755893,0.014723085657490665,0.0,0.05786897149415593,20,2397.3,22.363268756460542,2352.0,2449.0,20,395.7,29.734084641597498,347.0,473.0,20,3.344905741836274,0.0593412323136039,3.2329634444122015,3.451515747812517,20,3.352911565577189,0.0694238554846158,3.2329634444122015,3.491584539601762,20
triangle,nlg,additive,L2,20,2397.3,22.363268756460542,2352.0,2449.0,20,3.3447290801790595,0.05903430065392279,3.2330073808125683,3.4505132980626403,20,,,,,0,0.0,0.0,0.0,0.0,20,0.0,0.0,0.0,0.0,20,0.0,0.0,0.0,0.0,20,0.0,0.0,0.0,0.0,20,2397.3,22.363268756460542,2352.0,2449.0,20,395.7,29.734084641597498,347.0,473.0,20,3.3447290801790595,0.05903430065392279,3.2330073808125683,3.4505132980626403,20,3.3447290801790595,0.05903430065392279,3.2330073808125683,3.4505132980626403,20
triangle,nlg,effect_modifying,L0,20,2531.15,27.959133711449947,2474.0,2581.0,20,2.1717539754801924,0.07232035961079238,1.9818726698905018,2.2885018368066734,20,2.171600762650406,0.072307172686572,1.9818376048099122,2.288274407418978,20,0.00015321282978647544,5.88280847574489e-05,3.5065080589591346e-05,0.00023412241663711697,20,0.0,0.0,0.0,0.0,20,0.0,0.0,0.0,0.0,20,0.0,0.0,0.0,0.0,20,2531.15,27.959133711449947,2474.0,2581.0,20,536.3,24.99915788055354,500.0,609.0,20,2.1717539754801924,0.07232035961079238,1.9818726698905018,2.2885018368066734,20,2.1717539754801924,0.07232035961079238,1.9818726698905018,2.2885018368066734,20
triangle,nlg,effect_modifying,L1-oracle,20,2531.15,27.959133711449947,2474.0,2581.0,20,2.1903386984448914,0.07347692250433414,1.9929599261053654,2.3027658177187638,20,,,,,0,0.0,0.0,0.0,0.0,20,0.0018035841644186367,0.007031502245214953,0.0,0.03153611393692779,20,0.023786432830501768,0.03833154088767299,0.0,0.1351351351351351,20,0.021982848666083132,0.04010821325578964,-0.03153611393692779,0.1351351351351351,20,2531.15,27.959133711449947,2474.0,2581.0,20,536.3,24.99915788055354,500.0,609.0,20,2.1903386984448914,0.07347692250433414,1.9929599261053654,2.3027658177187638,20,2.212049492874821,0.08604109505994303,1.9929599261053654,2.388006350982316,20
triangle,nlg,effect_modifying,L2,20,2531.15,27.959133711449947,2474.0,2581.0,20,2.1902793023533915,0.07419859544542212,1.9969274212771952,2.31139786878675,20,,,,,0,0.0,0.0,0.0,0.0,20,0.0,0.0,0.0,0.0,20,0.0,0.0,0.0,0.0,20,0.0,0.0,0.0,0.0,20,2531.15,27.959133711449947,2474.0,2581.0,20,536.3,24.99915788055354,500.0,609.0,20,2.1902793023533915,0.07419859544542212,1.9969274212771952,2.31139786878675,20,2.1902793023533915,0.07419859544542212,1.9969274212771952,2.31139786878675,20
collider,linear,additive,L0,20,867.45,14.99289305321902,843.0,900.0,20,5.692793885263992,0.40817749049745,4.528953181077438,6.10196653946055,20,5.665426530080055,0.37896841562076067,4.781276852201974,6.068045995486483,20,0.05259972229639156,0.050668645700007134,0.020187512405160035,0.252323671124536,20,0.0,0.0,0.0,0.0,20,0.0,0.0,0.0,0.0,20,0.0,0.0,0.0,0.0,20,867.45,14.99289305321902,843.0,900.0,20,121.7,25.40430962196023,80.0,174.0,20,5.692793885263992,0.40817749049745,4.528953181077438,6.10196653946055,20,5.692793885263992,0.40817749049745,4.528953181077438,6.10196653946055,20
collider,linear,additive,L1-oracle,20,867.45,14.99289305321902,843.0,900.0,20,4.817305782291827,0.2657913204963606,4.2081137384162375,5.205804337345097,20,,,,,0,0.0,0.0,0.0,0.0,20,0.16145721234968208,0.23108936079758255,0.0,0.6776859504132231,20,0.01549699726017112,0.021397863234176955,0.0,0.051724137931034475,20,-0.14596021508951096,0.21043001221166144,-0.6259618124821886,0.0,20,867.45,14.99289305321902,843.0,900.0,20,121.7,25.40430962196023,80.0,174.0,20,4.817305782291827,0.2657913204963606,4.2081137384162375,5.205804337345097,20,4.766264536190072,0.278081236241745,4.20969965388297,5.205804337345097,20
collider,linear,additive,L2,20,867.45,14.99289305321902,843.0,900.0,20,4.798573551632282,0.2595328930284517,4.2081318748390455,5.164132076853913,20,,,,,0,0.0,0.0,0.0,0.0,20,0.0,0.0,0.0,0.0,20,0.0,0.0,0.0,0.0,20,0.0,0.0,0.0,0.0,20,867.45,14.99289305321902,843.0,900.0,20,121.7,25.40430962196023,80.0,174.0,20,4.798573551632282,0.2595328930284517,4.2081318748390455,5.164132076853913,20,4.798573551632282,0.2595328930284517,4.2081318748390455,5.164132076853913,20
collider,linear,effect_modifying,L0,20,877.65,13.11999277920212,858.0,896.0,20,5.5876933626646075,0.40948168578457705,4.433521235144254,6.008339679125539,20,5.531335229185126,0.3942935496937418,4.597347978376406,5.95974631249121,20,0.07274080780269707,0.03551533664097283,0.032399396494112054,0.16382674323215163,20,0.0,0.0,0.0,0.0,20,0.0,0.0,0.0,0.0,20,0.0,0.0,0.0,0.0,20,877.65,13.11999277920212,858.0,896.0,20,131.9,23.11048975772918,98.0,170.0,20,5.5876933626646075,0.40948168578457705,4.433521235144254,6.008339679125539,20,5.5876933626646075,0.40948168578457705,4.433521235144254,6.008339679125539,20
collider,linear,effect_modifying,L1-oracle,20,877.65,13.11999277920212,858.0,896.0,20,5.319778902609453,0.47626247793089327,4.283091897077677,6.014647602961753,20,,,,,0,0.0,0.0,0.0,0.0,20,0.14811306255661005,0.2867343713449402,0.0,0.9931693989071039,20,0.023481213655992823,0.03908847541155919,0.0,0.12352941176470589,20,-0.12463184890061725,0.27898749677238777,-0.912632486155426,0.12352941176470589,20,877.65,13.11999277920212,858.0,896.0,20,131.9,23.11048975772918,98.0,170.0,20,5.319778902609453,0.47626247793089327,4.283091897077677,6.014647602961753,20,5.1524114531362475,0.7357568470486094,2.7987806084746687,6.0291613523881376,20
collider,linear,effect_modifying,L2,20,877.65,13.11999277920212,858.0,896.0,20,5.290699195361318,0.46689310350459284,4.2844938007749995,5.974514855009365,20,,,,,0,0.0,0.0,0.0,0.0,20,0.0,0.0,0.0,0.0,20,0.0,0.0,0.0,0.0,20,0.0,0.0,0.0,0.0,20,877.65,13.11999277920212,858.0,896.0,20,131.9,23.11048975772918,98.0,170.0,20,5.290699195361318,0.46689310350459284,4.2844938007749995,5.974514855009365,20,5.290699195361318,0.46689310350459284,4.2844938007749995,5.974514855009365,20
collider,nlg,additive,L0,20,915.65,12.860690822076885,896.0,939.0,20,2.2459204654000193,0.14290831022602266,1.856094359112642,2.478986910218439,20,2.2225466578297435,0.15307371885534504,1.7947677425175228,2.4686986849895622,20,0.02337380757027594,0.012444900352673113,0.0,0.06132661659511918,20,0.0,0.0,0.0,0.0,20,0.0,0.0,0.0,0.0,20,0.0,0.0,0.0,0.0,20,915.65,12.860690822076885,896.0,939.0,20,169.95,21.97480614847735,131.0,210.0,20,2.2459204654000193,0.14290831022602266,1.856094359112642,2.478986910218439,20,2.2459204654000193,0.14290831022602266,1.856094359112642,2.478986910218439,20
collider,nlg,additive,L1-oracle,20,915.65,12.860690822076885,896.0,939.0,20,1.8874156695586777,0.18785468029568836,1.5614128796665305,2.2211329218812406,20,,,,,0,0.0,0.0,0.0,0.0,20,0.3174002879585438,0.4152307250162553,0.0,0.9959731543624161,20,0.0861211489221099,0.11963624278288651,0.0,0.37575757575757573,20,-0.23127913903643388,0.3021036411481761,-0.7441336024727181,0.01911812037335059,20,915.65,12.860690822076885,896.0,939.0,20,169.95,21.97480614847735,131.0,210.0,20,1.8874156695586777,0.18785468029568836,1.5614128796665305,2.2211329218812406,20,1.7063227165703974,0.5202718224177759,0.2476432040371215,2.3324642729054776,20
collider,nlg,additive,L2,20,915.65,12.860690822076885,896.0,939.0,20,1.8679208360537856,0.16328053652144417,1.5525661077765713,2.2747637134534235,20,,,,,0,0.0,0.0,0.0,0.0,20,0.0,0.0,0.0,0.0,20,0.0,0.0,0.0,0.0,20,0.0,0.0,0.0,0.0,20,915.65,12.860690822076885,896.0,939.0,20,169.95,21.97480614847735,131.0,210.0,20,1.8679208360537856,0.16328053652144417,1.5525661077765713,2.2747637134534235,20,1.8679208360537856,0.16328053652144417,1.5525661077765713,2.2747637134534235,20
collider,nlg,effect_modifying,L0,20,918.9,10.881660090068493,895.0,941.0,20,2.227716238225247,0.1526577207247937,1.8597417238068277,2.4246118246563784,20,2.1931517988447746,0.165954122812066,1.7712230681099472,2.403017834293866,20,0.034564439380472725,0.016412929608684422,0.013063201944610192,0.08851865569688044,20,0.0,0.0,0.0,0.0,20,0.0,0.0,0.0,0.0,20,0.0,0.0,0.0,0.0,20,918.9,10.881660090068493,895.0,941.0,20,173.15,20.999436082654068,137.0,216.0,20,2.227716238225247,0.1526577207247937,1.8597417238068277,2.4246118246563784,20,2.227716238225247,0.1526577207247937,1.8597417238068277,2.4246118246563784,20
collider,nlg,effect_modifying,L1-oracle,20,918.9,10.881660090068493,895.0,941.0,20,2.1033331831293953,0.24641681471941135,1.65394263537656,2.488393584670548,20,,,,,0,0.0,0.0,0.0,0.0,20,0.259948029960918,0.3729183218801312,0.0,1.0,20,0.10199290175382543,0.13756044686085941,0.0,0.40217391304347827,20,-0.15795512820709254,0.37138717531392423,-0.930327868852459,0.3415678524374177,20,918.9,10.881660090068493,895.0,941.0,20,173.15,20.999436082654068,137.0,216.0,20,2.1033331831293953,0.24641681471941135,1.65394263537656,2.488393584670548,20,2.0912414358494176,0.36304265452388057,1.1732854092469474,2.6116026846226448,19
collider,nlg,effect_modifying,L2,20,918.9,10.881660090068493,895.0,941.0,20,2.0797779736109345,0.21407815934991936,1.6664503026813065,2.4690386651351806,20,,,,,0,0.0,0.0,0.0,0.0,20,0.0,0.0,0.0,0.0,20,0.0,0.0,0.0,0.0,20,0.0,0.0,0.0,0.0,20,918.9,10.881660090068493,895.0,941.0,20,173.15,20.999436082654068,137.0,216.0,20,2.0797779736109345,0.21407815934991936,1.6664503026813065,2.4690386651351806,20,2.0797779736109345,0.21407815934991936,1.6664503026813065,2.4690386651351806,20
chain,linear,additive,L0,20,903.0,13.062602303804875,877.0,927.0,20,2.3466038826075337,0.1093062887935765,2.0798962900892133,2.5294969960418947,20,2.333851544277158,0.11049404261475865,2.0576741289085883,2.515853426977106,20,0.01275233833037579,0.003964293373868782,0.0038714915627169333,0.022222161180625033,20,0.0,0.0,0.0,0.0,20,0.0,0.0,0.0,0.0,20,0.0,0.0,0.0,0.0,20,903.0,13.062602303804875,877.0,927.0,20,157.25,22.360385553591495,112.0,195.0,20,2.3466038826075337,0.1093062887935765,2.0798962900892133,2.5294969960418947,20,2.3466038826075337,0.1093062887935765,2.0798962900892133,2.5294969960418947,20
chain,linear,additive,L1-oracle,20,903.0,13.062602303804875,877.0,927.0,20,2.2434543524787327,0.131383952546861,1.8781324168833842,2.4220082602612205,20,,,,,0,0.0,0.0,0.0,0.0,20,0.22892415460732188,0.25333410091991837,0.0,0.8265027322404371,20,0.029481358081322857,0.03985862812296609,0.0,0.13855421686746983,20,-0.199442796525999,0.22200286482487833,-0.6879485153729673,0.02114164904862581,20,903.0,13.062602303804875,877.0,927.0,20,157.25,22.360385553591495,112.0,195.0,20,2.2434543524787327,0.131383952546861,1.8781324168833842,2.4220082602612205,20,2.1683199650711975,0.18138072941842706,1.665823602717937,2.4220082602612205,20
chain,linear,additive,L2,20,903.0,13.062602303804875,877.0,927.0,20,2.2406135156457876,0.12862077166103847,1.9015254922853764,2.397163652602319,20,,,,,0,0.0,0.0,0.0,0.0,20,0.0,0.0,0.0,0.0,20,0.0,0.0,0.0,0.0,20,0.0,0.0,0.0,0.0,20,903.0,13.062602303804875,877.0,927.0,20,157.25,22.360385553591495,112.0,195.0,20,2.2406135156457876,0.12862077166103847,1.9015254922853764,2.397163652602319,20,2.2406135156457876,0.12862077166103847,1.9015254922853764,2.397163652602319,20
chain,linear,effect_modifying,L0,20,915.95,13.382923132819204,896.0,943.0,20,2.263047912008175,0.10870074070861799,1.9544738673850306,2.4456817343501225,20,2.2397345063691896,0.10802502669752595,1.9412388988856641,2.4186300135960423,20,0.023313405638985662,0.006543459251397056,0.01323496849936645,0.04069257889263289,20,0.0,0.0,0.0,0.0,20,0.0,0.0,0.0,0.0,20,0.0,0.0,0.0,0.0,20,915.95,13.382923132819204,896.0,943.0,20,170.2,23.569829063980567,113.0,203.0,20,2.263047912008175,0.10870074070861799,1.9544738673850306,2.4456817343501225,20,2.263047912008175,0.10870074070861799,1.9544738673850306,2.4456817343501225,20
chain,linear,effect_modifying,L1-oracle,20,915.95,13.382923132819204,896.0,943.0,20,2.2621892774386425,0.16518792451122746,1.7501178081659026,2.513625556198434,20,,,,,0,0.0,0.0,0.0,0.0,20,0.14266436503040517,0.26154189685218443,0.0,0.7827868852459017,20,0.01618428217432214,0.0269561957067802,0.0,0.10795454545454541,20,-0.126480082856083,0.25716159107287756,-0.7476110058489167,0.10795454545454541,20,915.95,13.382923132819204,896.0,943.0,20,170.2,23.569829063980567,113.0,203.0,20,2.2621892774386425,0.16518792451122746,1.7501178081659026,2.513625556198434,20,2.214473258702811,0.24279742122290815,1.4333435483482289,2.513625556198434,20
chain,linear,effect_modifying,L2,20,915.95,13.382923132819204,896.0,943.0,20,2.2655664182993815,0.1619583990575152,1.7765332014357218,2.523872499091407,20,,,,,0,0.0,0.0,0.0,0.0,20,0.0,0.0,0.0,0.0,20,0.0,0.0,0.0,0.0,20,0.0,0.0,0.0,0.0,20,915.95,13.382923132819204,896.0,943.0,20,170.2,23.569829063980567,113.0,203.0,20,2.2655664182993815,0.1619583990575152,1.7765332014357218,2.523872499091407,20,2.2655664182993815,0.1619583990575152,1.7765332014357218,2.523872499091407,20
chain,nlg,additive,L0,20,914.85,12.70008288410583,889.0,933.0,20,1.4416404467523314,0.05937688875305412,1.2767705641294738,1.5586411587748588,20,1.4364026063826298,0.06096119758746955,1.265252124153429,1.5577521977344246,20,0.005237840369701552,0.002859784547317539,0.0,0.011518439976044847,20,0.0,0.0,0.0,0.0,20,0.0,0.0,0.0,0.0,20,0.0,0.0,0.0,0.0,20,914.85,12.70008288410583,889.0,933.0,20,169.3,21.56288233833413,127.0,208.0,20,1.4416404467523314,0.05937688875305412,1.2767705641294738,1.5586411587748588,20,1.4416404467523314,0.05937688875305412,1.2767705641294738,1.5586411587748588,20
chain,nlg,additive,L1-oracle,20,914.85,12.70008288410583,889.0,933.0,20,1.3946223967489222,0.07827272485609295,1.195481989782434,1.5524808239200985,20,,,,,0,0.0,0.0,0.0,0.0,20,0.22861973097210786,0.34123018160333796,0.0,0.9590163934426229,20,0.040937938309442506,0.057672252190128954,0.0,0.1875,20,-0.18768179266266533,0.2866143130382462,-0.7792597187758479,0.02051282051282055,20,914.85,12.70008288410583,889.0,933.0,20,169.3,21.56288233833413,127.0,208.0,20,1.3946223967489222,0.07827272485609295,1.195481989782434,1.5524808239200985,20,1.284671417729709,0.2723474716685203,0.5710407375787028,1.5524808239200985,20
chain,nlg,additive,L2,20,914.85,12.70008288410583,889.0,933.0,20,1.393289913453488,0.07391005651684429,1.1904349670249363,1.541604499840776,20,,,,,0,0.0,0.0,0.0,0.0,20,0.0,0.0,0.0,0.0,20,0.0,0.0,0.0,0.0,20,0.0,0.0,0.0,0.0,20,914.85,12.70008288410583,889.0,933.0,20,169.3,21.56288233833413,127.0,208.0,20,1.393289913453488,0.07391005651684429,1.1904349670249363,1.541604499840776,20,1.393289913453488,0.07391005651684429,1.1904349670249363,1.541604499840776,20
chain,nlg,effect_modifying,L0,20,925.15,10.629031742801113,899.0,943.0,20,1.3690145216225376,0.06327630473069655,1.222754939087399,1.4895828680970797,20,1.3636166867712822,0.06507910566720479,1.2145717841775763,1.4871360061218197,20,0.0053978348512553785,0.003406169474106571,0.000602692495586199,0.011771159633183093,20,0.0,0.0,0.0,0.0,20,0.0,0.0,0.0,0.0,20,0.0,0.0,0.0,0.0,20,925.15,10.629031742801113,899.0,943.0,20,179.4,19.55128209552886,134.0,215.0,20,1.3690145216225376,0.06327630473069655,1.222754939087399,1.4895828680970797,20,1.3690145216225376,0.06327630473069655,1.222754939087399,1.4895828680970797,20
chain,nlg,effect_modifying,L1-oracle,20,925.15,10.629031742801113,899.0,943.0,20,1.4029498379149106,0.0830459715291373,1.2153418202061104,1.5354785845176306,20,,,,,0,0.0,0.0,0.0,0.0,20,0.1950155133887863,0.3189964830687491,0.0,0.9726775956284153,20,0.026862770164958888,0.03508101893123582,0.0,0.11891891891891893,20,-0.1681527432238274,0.30314821713760154,-0.9012490241998439,0.11206960385042575,20,925.15,10.629031742801113,899.0,943.0,20,179.4,19.55128209552886,134.0,215.0,20,1.4029498379149106,0.0830459715291373,1.2153418202061104,1.5354785845176306,20,1.361257088949871,0.19687792778437085,0.6732816020428883,1.5698376163392498,20
chain,nlg,effect_modifying,L2,20,925.15,10.629031742801113,899.0,943.0,20,1.4060612781943023,0.08209831810374588,1.2149227416718111,1.5465297300437018,20,,,,,0,0.0,0.0,0.0,0.0,20,0.0,0.0,0.0,0.0,20,0.0,0.0,0.0,0.0,20,0.0,0.0,0.0,0.0,20,925.15,10.629031742801113,899.0,943.0,20,179.4,19.55128209552886,134.0,215.0,20,1.4060612781943023,0.08209831810374588,1.2149227416718111,1.5465297300437018,20,1.4060612781943023,0.08209831810374588,1.2149227416718111,1.5465297300437018,20
