topology,family,regime,condition,group,N_seeds,N_eligible_mean,N_eligible_sd,N_eligible_min,N_eligible_max,N_eligible_N_seeds_observed,N_valid_mean,N_valid_sd,N_valid_min,N_valid_max,N_valid_N_seeds_observed,realized_mean_cost_mean,realized_mean_cost_sd,realized_mean_cost_min,realized_mean_cost_max,realized_mean_cost_N_seeds_observed,believed_mean_cost_mean,believed_mean_cost_sd,believed_mean_cost_min,believed_mean_cost_max,believed_mean_cost_N_seeds_observed,realized_validity_rate_mean,realized_validity_rate_sd,realized_validity_rate_min,realized_validity_rate_max,realized_validity_rate_N_seeds_observed,believed_validity_rate_mean,believed_validity_rate_sd,believed_validity_rate_min,believed_validity_rate_max,believed_validity_rate_N_seeds_observed,mean_believed_realized_cf_displacement_mean,mean_believed_realized_cf_displacement_sd,mean_believed_realized_cf_displacement_min,mean_believed_realized_cf_displacement_max,mean_believed_realized_cf_displacement_N_seeds_observed,ΔB_g_vs_L2_mean,ΔB_g_vs_L2_sd,ΔB_g_vs_L2_min,ΔB_g_vs_L2_max,ΔB_g_vs_L2_N_seeds_observed,N_found_mean,N_found_sd,N_found_min,N_found_max,N_found_N_seeds_observed,N_common_found_threeway_mean,N_common_found_threeway_sd,N_common_found_threeway_min,N_common_found_threeway_max,N_common_found_threeway_N_seeds_observed,realized_cost_common_found_threeway_mean,realized_cost_common_found_threeway_sd,realized_cost_common_found_threeway_min,realized_cost_common_found_threeway_max,realized_cost_common_found_threeway_N_seeds_observed,N_common_found_pairwise_vs_L2_mean,N_common_found_pairwise_vs_L2_sd,N_common_found_pairwise_vs_L2_min,N_common_found_pairwise_vs_L2_max,N_common_found_pairwise_vs_L2_N_seeds_observed,realized_cost_common_found_pairwise_vs_L2_mean,realized_cost_common_found_pairwise_vs_L2_sd,realized_cost_common_found_pairwise_vs_L2_min,realized_cost_common_found_pairwise_vs_L2_max,realized_cost_common_found_pairwise_vs_L2_N_seeds_observed,N_valid_subset_mean,N_valid_subset_sd,N_valid_subset_min,N_valid_subset_max,N_valid_subset_N_seeds_observed,realized_cost_valid_subset_mean,realized_cost_valid_subset_sd,realized_cost_valid_subset_min,realized_cost_valid_subset_max,realized_cost_valid_subset_N_seeds_observed
triangle,linear,additive,L0,-1,20,2001.75,21.81229735239903,1966.0,2034.0,20,2001.75,21.81229735239903,1966.0,2034.0,20,4.654843627099884,0.07216110288887413,4.511356566600529,4.8360975596330755,20,4.654843627099884,0.07216110288887413,4.511356566600529,4.8360975596330755,20,1.0,0.0,1.0,1.0,20,1.0,0.0,1.0,1.0,20,5.595327995495464e-06,1.1482036237002376e-05,0.0,2.8354858166665046e-05,20,0.21102465811434673,0.11638072423624941,0.0,0.39460388881167585,20,2001.75,21.81229735239903,1966.0,2034.0,20,2001.75,21.81229735239903,1966.0,2034.0,20,4.654843627099884,0.07216110288887413,4.511356566600529,4.8360975596330755,20,2001.75,21.81229735239903,1966.0,2034.0,20,4.654843627099884,0.07216110288887413,4.511356566600529,4.8360975596330755,20,2001.75,21.81229735239903,1966.0,2034.0,20,4.654843627099884,0.07216110288887413,4.511356566600529,4.8360975596330755,20
triangle,linear,additive,L0,1,20,421.7,28.050893596799146,370.0,488.0,20,421.7,28.050893596799146,370.0,488.0,20,0.7602033584245582,0.029617963726162,0.7215897906648676,0.8150579497053418,20,0.7602033584245582,0.029617963726162,0.7215897906648676,0.8150579497053418,20,1.0,0.0,1.0,1.0,20,1.0,0.0,1.0,1.0,20,0.004842055567609127,0.0011528449773864366,0.0024693819454291444,0.00723089584003308,20,0.029562036509663204,0.014461963018534188,0.0020373030756046795,0.05081017872872484,20,421.7,28.050893596799146,370.0,488.0,20,421.7,28.050893596799146,370.0,488.0,20,0.7602033584245582,0.029617963726162,0.7215897906648676,0.8150579497053418,20,421.7,28.050893596799146,370.0,488.0,20,0.7602033584245582,0.029617963726162,0.7215897906648676,0.8150579497053418,20,421.7,28.050893596799146,370.0,488.0,20,0.7602033584245582,0.029617963726162,0.7215897906648676,0.8150579497053418,20
triangle,linear,additive,L1-oracle,-1,20,2001.75,21.81229735239903,1966.0,2034.0,20,1852.65,261.4856894544588,1130.0,2031.0,20,4.451871483233307,0.11795973684328503,4.238187093501606,4.6548400145928746,20,4.451871483233307,0.11795973684328503,4.238187093501606,4.6548400145928746,20,0.9255032684411274,0.1302887616215983,0.5664160401002506,1.0,20,1.0,0.0,1.0,1.0,20,0.034626728686619104,0.02759184774821934,8.219902711457839e-07,0.08938112214593716,20,0.008052514247769694,0.03215950594593612,-0.048183455227743366,0.07956818990762216,20,2001.75,21.81229735239903,1966.0,2034.0,20,2001.75,21.81229735239903,1966.0,2034.0,20,4.451871483233307,0.11795973684328503,4.238187093501606,4.6548400145928746,20,2001.75,21.81229735239903,1966.0,2034.0,20,4.451871483233307,0.11795973684328503,4.238187093501606,4.6548400145928746,20,1852.65,261.4856894544588,1130.0,2031.0,20,4.41943086587848,0.1471764230410383,4.096123052541349,4.6548400145928746,20
triangle,linear,additive,L1-oracle,1,20,421.7,28.050893596799146,370.0,488.0,20,416.85,26.065252126558313,370.0,473.0,20,0.7315261515983693,0.027612346488197017,0.683746718075777,0.785465387094109,20,0.7315261515983693,0.027612346488197017,0.683746718075777,0.785465387094109,20,0.9889215157313048,0.019588585720681083,0.9347826086956522,1.0,20,1.0,0.0,1.0,1.0,20,0.004649790361393751,0.0036275105815945967,0.0004592053601504768,0.012713417635820583,20,0.0008848296834743086,0.0035728253545721715,-0.005691228174318219,0.00773779917483175,20,421.7,28.050893596799146,370.0,488.0,20,421.7,28.050893596799146,370.0,488.0,20,0.7315261515983693,0.027612346488197017,0.683746718075777,0.785465387094109,20,421.7,28.050893596799146,370.0,488.0,20,0.7315261515983693,0.027612346488197017,0.683746718075777,0.785465387094109,20,416.85,26.065252126558313,370.0,473.0,20,0.7266280176911523,0.029231262959584243,0.6728768924029265,0.7788267250107811,20
triangle,linear,additive,L2,-1,20,2001.75,21.81229735239903,1966.0,2034.0,20,2001.75,21.81229735239903,1966.0,2034.0,20,4.443818968985539,0.11677776765827033,4.234727800805272,4.676492108349087,20,4.443818968985539,0.11677776765827033,4.234727800805272,4.676492108349087,20,1.0,0.0,1.0,1.0,20,1.0,0.0,1.0,1.0,20,0.0,0.0,0.0,0.0,20,,,,,0,2001.75,21.81229735239903,1966.0,2034.0,20,2001.75,21.81229735239903,1966.0,2034.0,20,4.443818968985539,0.11677776765827033,4.234727800805272,4.676492108349087,20,,,,,0,,,,,0,2001.75,21.81229735239903,1966.0,2034.0,20,4.443818968985539,0.11677776765827033,4.234727800805272,4.676492108349087,20
triangle,linear,additive,L2,1,20,421.7,28.050893596799146,370.0,488.0,20,421.7,28.050893596799146,370.0,488.0,20,0.730641321914895,0.027312663064929514,0.6839133702114365,0.7879416349321905,20,0.730641321914895,0.027312663064929514,0.6839133702114365,0.7879416349321905,20,1.0,0.0,1.0,1.0,20,1.0,0.0,1.0,1.0,20,0.0,0.0,0.0,0.0,20,,,,,0,421.7,28.050893596799146,370.0,488.0,20,421.7,28.050893596799146,370.0,488.0,20,0.730641321914895,0.027312663064929514,0.6839133702114365,0.7879416349321905,20,,,,,0,,,,,0,421.7,28.050893596799146,370.0,488.0,20,0.730641321914895,0.027312663064929514,0.6839133702114365,0.7879416349321905,20
triangle,linear,effect_modifying,L0,-1,20,2000.55,21.90764106064606,1966.0,2032.0,20,2000.55,21.90764106064606,1966.0,2032.0,20,3.693392724513663,0.08645141614611611,3.495945430147032,3.8395773341061474,20,3.693392724513663,0.08645141614611611,3.495945430147032,3.8395773341061474,20,1.0,0.0,1.0,1.0,20,1.0,0.0,1.0,1.0,20,2.5145057979108615e-06,6.141842995564099e-06,0.0,1.703880974763982e-05,20,3.139241220773137e-06,5.859080900488834e-06,0.0,1.4616061812855463e-05,20,2000.55,21.90764106064606,1966.0,2032.0,20,2000.55,21.90764106064606,1966.0,2032.0,20,3.693392724513663,0.08645141614611611,3.495945430147032,3.8395773341061474,20,2000.55,21.90764106064606,1966.0,2032.0,20,3.693392724513663,0.08645141614611611,3.495945430147032,3.8395773341061474,20,2000.55,21.90764106064606,1966.0,2032.0,20,3.693392724513663,0.08645141614611611,3.495945430147032,3.8395773341061474,20
triangle,linear,effect_modifying,L0,1,20,572.9,24.661711213944585,526.0,623.0,20,572.9,24.661711213944585,526.0,623.0,20,0.9756312924544777,0.04208265460778914,0.8840058675774818,1.0502825225972103,20,0.9756312924544777,0.04208265460778914,0.8840058675774818,1.0502825225972103,20,1.0,0.0,1.0,1.0,20,1.0,0.0,1.0,1.0,20,0.0011828561415178705,0.00116249541440028,0.0,0.004498963062213921,20,0.21189598207270474,0.010395476605769508,0.1894439783095453,0.22889184341086155,20,572.9,24.661711213944585,526.0,623.0,20,572.9,24.661711213944585,526.0,623.0,20,0.9756312924544777,0.04208265460778914,0.8840058675774818,1.0502825225972103,20,572.9,24.661711213944585,526.0,623.0,20,0.9756312924544777,0.04208265460778914,0.8840058675774818,1.0502825225972103,20,572.9,24.661711213944585,526.0,623.0,20,0.9756312924544777,0.04208265460778914,0.8840058675774818,1.0502825225972103,20
triangle,linear,effect_modifying,L1-oracle,-1,20,2000.55,21.90764106064606,1966.0,2032.0,20,2000.3,22.14568985033811,1966.0,2032.0,20,3.6933878912538645,0.08645101535570432,3.495945430147032,3.8395773341061474,20,3.6933878912538645,0.08645101535570432,3.495945430147032,3.8395773341061474,20,0.9998738316342223,0.0003627126628617558,0.9984779299847792,1.0,20,1.0,0.0,1.0,1.0,20,3.0805541529483744e-06,7.825358317915082e-06,0.0,3.33907985397067e-05,20,-1.694018577325096e-06,5.861557156930657e-06,-2.581760239683817e-05,8.575369645491548e-07,20,2000.55,21.90764106064606,1966.0,2032.0,20,2000.55,21.90764106064606,1966.0,2032.0,20,3.6933878912538645,0.08645101535570432,3.495945430147032,3.8395773341061474,20,2000.55,21.90764106064606,1966.0,2032.0,20,3.6933878912538645,0.08645101535570432,3.495945430147032,3.8395773341061474,20,2000.3,22.14568985033811,1966.0,2032.0,20,3.693791706434711,0.08676749776076598,3.495945430147032,3.8395773341061474,20
triangle,linear,effect_modifying,L1-oracle,1,20,572.9,24.661711213944585,526.0,623.0,20,563.55,25.477492647019787,526.0,623.0,20,0.7667984574392329,0.031079128203096804,0.7016839074719368,0.8168181081426291,20,0.7667984574392329,0.031079128203096804,0.7016839074719368,0.8168181081426291,20,0.9840958201378154,0.031674155561122845,0.9084628670120898,1.0,20,1.0,0.0,1.0,1.0,20,0.013623836621219765,0.01000494455461568,0.0001475396902109027,0.02999732993539942,20,0.0030631470574599973,0.007828657735987406,-0.01015603869891979,0.0159165377021655,20,572.9,24.661711213944585,526.0,623.0,20,572.9,24.661711213944585,526.0,623.0,20,0.7667984574392329,0.031079128203096804,0.7016839074719368,0.8168181081426291,20,572.9,24.661711213944585,526.0,623.0,20,0.7667984574392329,0.031079128203096804,0.7016839074719368,0.8168181081426291,20,563.55,25.477492647019787,526.0,623.0,20,0.7595691289394018,0.035523572023470854,0.6636546553437833,0.8096440894824031,20
triangle,linear,effect_modifying,L2,-1,20,2000.55,21.90764106064606,1966.0,2032.0,20,2000.55,21.90764106064606,1966.0,2032.0,20,3.6933895852724428,0.08645268086431378,3.495945430147032,3.8395773341061474,20,3.6933895852724428,0.08645268086431378,3.495945430147032,3.8395773341061474,20,1.0,0.0,1.0,1.0,20,1.0,0.0,1.0,1.0,20,0.0,0.0,0.0,0.0,20,,,,,0,2000.55,21.90764106064606,1966.0,2032.0,20,2000.55,21.90764106064606,1966.0,2032.0,20,3.6933895852724428,0.08645268086431378,3.495945430147032,3.8395773341061474,20,,,,,0,,,,,0,2000.55,21.90764106064606,1966.0,2032.0,20,3.6933895852724428,0.08645268086431378,3.495945430147032,3.8395773341061474,20
triangle,linear,effect_modifying,L2,1,20,572.9,24.661711213944585,526.0,623.0,20,572.9,24.661711213944585,526.0,623.0,20,0.7637353103817729,0.031846060968729724,0.6945618892679365,0.8213906791863488,20,0.7637353103817729,0.031846060968729724,0.6945618892679365,0.8213906791863488,20,1.0,0.0,1.0,1.0,20,1.0,0.0,1.0,1.0,20,0.0,0.0,0.0,0.0,20,,,,,0,572.9,24.661711213944585,526.0,623.0,20,572.9,24.661711213944585,526.0,623.0,20,0.7637353103817729,0.031846060968729724,0.6945618892679365,0.8213906791863488,20,,,,,0,,,,,0,572.9,24.661711213944585,526.0,623.0,20,0.7637353103817729,0.031846060968729724,0.6945618892679365,0.8213906791863488,20
triangle,nlg,additive,L0,-1,20,2001.6,21.80391080324329,1966.0,2034.0,20,2001.6,21.80391080324329,1966.0,2034.0,20,3.997509097794114,0.07013205183864799,3.8678155432512087,4.128847983024889,20,3.997509097794114,0.07013205183864799,3.8678155432512087,4.128847983024889,20,1.0,0.0,1.0,1.0,20,1.0,0.0,1.0,1.0,20,0.0,0.0,0.0,0.0,20,3.237817441861246e-05,5.206489833732722e-05,0.0,0.00021988535860284486,20,2001.6,21.80391080324329,1966.0,2034.0,20,2001.6,21.80391080324329,1966.0,2034.0,20,3.997509097794114,0.07013205183864799,3.8678155432512087,4.128847983024889,20,2001.6,21.80391080324329,1966.0,2034.0,20,3.997509097794114,0.07013205183864799,3.8678155432512087,4.128847983024889,20,2001.6,21.80391080324329,1966.0,2034.0,20,3.997509097794114,0.07013205183864799,3.8678155432512087,4.128847983024889,20
triangle,nlg,additive,L0,1,20,395.7,29.734084641597498,347.0,473.0,20,395.7,29.734084641597498,347.0,473.0,20,0.6539979857739762,0.027883413520363665,0.6118420192366136,0.6995812938029364,20,0.6539979857739762,0.027883413520363665,0.6118420192366136,0.6995812938029364,20,1.0,0.0,1.0,1.0,20,1.0,0.0,1.0,1.0,20,0.00017389953475069743,0.000187102624241329,0.0,0.0006159276428217479,20,0.0012503463333390918,0.0005598550300091445,0.0003341292343386204,0.0027342268149320725,20,395.7,29.734084641597498,347.0,473.0,20,395.7,29.734084641597498,347.0,473.0,20,0.6539979857739762,0.027883413520363665,0.6118420192366136,0.6995812938029364,20,395.7,29.734084641597498,347.0,473.0,20,0.6539979857739762,0.027883413520363665,0.6118420192366136,0.6995812938029364,20,395.7,29.734084641597498,347.0,473.0,20,0.6539979857739762,0.027883413520363665,0.6118420192366136,0.6995812938029364,20
triangle,nlg,additive,L1-oracle,-1,20,2001.6,21.80391080324329,1966.0,2034.0,20,1996.05,30.048163092993853,1924.0,2034.0,20,3.9973625302323845,0.06996347342826868,3.867812906908229,4.128847983024889,20,3.9973625302323845,0.06996347342826868,3.867812906908229,4.128847983024889,20,0.9972097504543701,0.008424179199400465,0.9644110275689223,1.0,20,1.0,0.0,1.0,1.0,20,0.00035895281555643424,0.0012368103487357918,0.0,0.005474734890670545,20,-0.000114189387311181,0.00038788986745793923,-0.0016533027156429014,4.1709657182309456e-05,20,2001.6,21.80391080324329,1966.0,2034.0,20,2001.6,21.80391080324329,1966.0,2034.0,20,3.9973625302323845,0.06996347342826868,3.867812906908229,4.128847983024889,20,2001.6,21.80391080324329,1966.0,2034.0,20,3.9973625302323845,0.06996347342826868,3.867812906908229,4.128847983024889,20,1996.05,30.048163092993853,1924.0,2034.0,20,4.002947604698539,0.07781730640446811,3.867812906908229,4.1465014818261805,20
triangle,nlg,additive,L1-oracle,1,20,395.7,29.734084641597498,347.0,473.0,20,391.05,26.835708732170552,347.0,461.0,20,0.6524567883961103,0.027244931192208003,0.6097371075112616,0.6985350260539979,20,0.6524567883961103,0.027244931192208003,0.6097371075112616,0.6985350260539979,20,0.9889268025006143,0.021879191215618377,0.9065420560747663,1.0,20,1.0,0.0,1.0,1.0,20,0.0010771803345935062,0.002027429124209219,0.00010554551633840524,0.008851107286252933,20,-0.00029085104452677426,0.001312999409728114,-0.005332091901087854,0.0007321325616268526,20,395.7,29.734084641597498,347.0,473.0,20,395.7,29.734084641597498,347.0,473.0,20,0.6524567883961103,0.027244931192208003,0.6097371075112616,0.6985350260539979,20,395.7,29.734084641597498,347.0,473.0,20,0.6524567883961103,0.027244931192208003,0.6097371075112616,0.6985350260539979,20,391.05,26.835708732170552,347.0,461.0,20,0.65003603912135,0.02536695379529785,0.6108105556411717,0.6985350260539979,20
triangle,nlg,additive,L2,-1,20,2001.6,21.80391080324329,1966.0,2034.0,20,2001.6,21.80391080324329,1966.0,2034.0,20,3.9974767196196956,0.07010682933875216,3.867812906908229,4.128847983024889,20,3.9974767196196956,0.07010682933875216,3.867812906908229,4.128847983024889,20,1.0,0.0,1.0,1.0,20,1.0,0.0,1.0,1.0,20,0.0,0.0,0.0,0.0,20,,,,,0,2001.6,21.80391080324329,1966.0,2034.0,20,2001.6,21.80391080324329,1966.0,2034.0,20,3.9974767196196956,0.07010682933875216,3.867812906908229,4.128847983024889,20,,,,,0,,,,,0,2001.6,21.80391080324329,1966.0,2034.0,20,3.9974767196196956,0.07010682933875216,3.867812906908229,4.128847983024889,20
triangle,nlg,additive,L2,1,20,395.7,29.734084641597498,347.0,473.0,20,395.7,29.734084641597498,347.0,473.0,20,0.652747639440637,0.027729906022716817,0.6103732937259013,0.6982714632108215,20,0.652747639440637,0.027729906022716817,0.6103732937259013,0.6982714632108215,20,1.0,0.0,1.0,1.0,20,1.0,0.0,1.0,1.0,20,0.0,0.0,0.0,0.0,20,,,,,0,395.7,29.734084641597498,347.0,473.0,20,395.7,29.734084641597498,347.0,473.0,20,0.652747639440637,0.027729906022716817,0.6103732937259013,0.6982714632108215,20,,,,,0,,,,,0,395.7,29.734084641597498,347.0,473.0,20,0.652747639440637,0.027729906022716817,0.6103732937259013,0.6982714632108215,20
triangle,nlg,effect_modifying,L0,-1,20,1994.85,21.538887719901563,1961.0,2029.0,20,1994.85,21.538887719901563,1961.0,2029.0,20,2.928177136715103,0.0788980078827602,2.736733709526354,3.0579171525645665,20,2.928177136715103,0.0788980078827602,2.736733709526354,3.0579171525645665,20,1.0,0.0,1.0,1.0,20,1.0,0.0,1.0,1.0,20,1.1051260117344478e-05,1.2241431253176441e-05,0.0,4.5018546993708014e-05,20,3.0014684921697564e-06,5.953204756022434e-06,0.0,2.063762171644612e-05,20,1994.85,21.538887719901563,1961.0,2029.0,20,1994.85,21.538887719901563,1961.0,2029.0,20,2.928177136715103,0.0788980078827602,2.736733709526354,3.0579171525645665,20,1994.85,21.538887719901563,1961.0,2029.0,20,2.928177136715103,0.0788980078827602,2.736733709526354,3.0579171525645665,20,1994.85,21.538887719901563,1961.0,2029.0,20,2.928177136715103,0.0788980078827602,2.736733709526354,3.0579171525645665,20
triangle,nlg,effect_modifying,L0,1,20,536.3,24.99915788055354,500.0,609.0,20,536.3,24.99915788055354,500.0,609.0,20,0.7564231612349105,0.03308659749089134,0.6909383608216199,0.8105667723502084,20,0.7564231612349105,0.03308659749089134,0.6909383608216199,0.8105667723502084,20,1.0,0.0,1.0,1.0,20,1.0,0.0,1.0,1.0,20,0.0008378394120487992,0.00028469807798119567,0.00017157689823655458,0.001370394783552794,20,0.018528328341691335,0.0036472082862984826,0.011354812761254274,0.02415719553981499,20,536.3,24.99915788055354,500.0,609.0,20,536.3,24.99915788055354,500.0,609.0,20,0.7564231612349105,0.03308659749089134,0.6909383608216199,0.8105667723502084,20,536.3,24.99915788055354,500.0,609.0,20,0.7564231612349105,0.03308659749089134,0.6909383608216199,0.8105667723502084,20,536.3,24.99915788055354,500.0,609.0,20,0.7564231612349105,0.03308659749089134,0.6909383608216199,0.8105667723502084,20
triangle,nlg,effect_modifying,L1-oracle,-1,20,1994.85,21.538887719901563,1961.0,2029.0,20,1991.3,29.21084874170085,1904.0,2029.0,20,2.928126001861472,0.0788238436817048,2.7367325079628193,3.0579171525645665,20,2.928126001861472,0.0788238436817048,2.7367325079628193,3.0579171525645665,20,0.9981964158355814,0.007031502245214953,0.9684638860630722,1.0,20,1.0,0.0,1.0,1.0,20,0.0003629368266621761,0.0015538301024960325,0.0,0.006960877501355915,20,-4.8133385138893205e-05,0.00020279121975923725,-0.000908642566307627,1.3758414477482717e-05,20,1994.85,21.538887719901563,1961.0,2029.0,20,1994.85,21.538887719901563,1961.0,2029.0,20,2.928126001861472,0.0788238436817048,2.7367325079628193,3.0579171525645665,20,1994.85,21.538887719901563,1961.0,2029.0,20,2.928126001861472,0.0788238436817048,2.7367325079628193,3.0579171525645665,20,1991.3,29.21084874170085,1904.0,2029.0,20,2.9316256345912133,0.0846276814401969,2.7367325079628193,3.1063412891343494,20
triangle,nlg,effect_modifying,L1-oracle,1,20,536.3,24.99915788055354,500.0,609.0,20,523.6,33.25404605378672,475.0,609.0,20,0.7377873034165805,0.03096205449196408,0.6766345954518165,0.7954044517311414,20,0.7377873034165805,0.03096205449196408,0.6766345954518165,0.7954044517311414,20,0.9762135671694983,0.03833154088767299,0.8648648648648649,1.0,20,1.0,0.0,1.0,1.0,20,0.005424260036323396,0.004978934432778201,2.2914253756766127e-05,0.01703375372289851,20,-0.00010752947663863476,0.005804550655964556,-0.0130622867058805,0.0118044616699573,20,536.3,24.99915788055354,500.0,609.0,20,536.3,24.99915788055354,500.0,609.0,20,0.7377873034165805,0.03096205449196408,0.6766345954518165,0.7954044517311414,20,536.3,24.99915788055354,500.0,609.0,20,0.7377873034165805,0.03096205449196408,0.6766345954518165,0.7954044517311414,20,523.6,33.25404605378672,475.0,609.0,20,0.7195761417163925,0.039450023480117086,0.6322521883889218,0.7954044517311414,20
triangle,nlg,effect_modifying,L2,-1,20,1994.85,21.538887719901563,1961.0,2029.0,20,1994.85,21.538887719901563,1961.0,2029.0,20,2.928174135246611,0.07889812470484055,2.7367325079628193,3.0579171525645665,20,2.928174135246611,0.07889812470484055,2.7367325079628193,3.0579171525645665,20,1.0,0.0,1.0,1.0,20,1.0,0.0,1.0,1.0,20,0.0,0.0,0.0,0.0,20,,,,,0,1994.85,21.538887719901563,1961.0,2029.0,20,1994.85,21.538887719901563,1961.0,2029.0,20,2.928174135246611,0.07889812470484055,2.7367325079628193,3.0579171525645665,20,,,,,0,,,,,0,1994.85,21.538887719901563,1961.0,2029.0,20,2.928174135246611,0.07889812470484055,2.7367325079628193,3.0579171525645665,20
triangle,nlg,effect_modifying,L2,1,20,536.3,24.99915788055354,500.0,609.0,20,536.3,24.99915788055354,500.0,609.0,20,0.7378948328932191,0.032366578048240405,0.668042328841543,0.7953078426860678,20,0.7378948328932191,0.032366578048240405,0.668042328841543,0.7953078426860678,20,1.0,0.0,1.0,1.0,20,1.0,0.0,1.0,1.0,20,0.0,0.0,0.0,0.0,20,,,,,0,536.3,24.99915788055354,500.0,609.0,20,536.3,24.99915788055354,500.0,609.0,20,0.7378948328932191,0.032366578048240405,0.668042328841543,0.7953078426860678,20,,,,,0,,,,,0,536.3,24.99915788055354,500.0,609.0,20,0.7378948328932191,0.032366578048240405,0.668042328841543,0.7953078426860678,20
collider,linear,additive,L0,-1,20,745.75,19.611690927929484,711.0,791.0,20,745.75,19.611690927929484,711.0,791.0,20,6.611072265486821,0.46512722003834867,5.284384534332295,7.046701524535418,20,6.611072265486821,0.46512722003834867,5.284384534332295,7.046701524535418,20,1.0,0.0,1.0,1.0,20,1.0,0.0,1.0,1.0,20,0.0607225520378464,0.2704265055912481,0.0,1.2096330742657906,20,1.0075629110438054,0.23490032180482617,0.3469419788631187,1.22062315627102,20,745.75,19.611690927929484,711.0,791.0,20,745.75,19.611690927929484,711.0,791.0,20,6.611072265486821,0.46512722003834867,5.284384534332295,7.046701524535418,20,745.75,19.611690927929484,711.0,791.0,20,6.611072265486821,0.46512722003834867,5.284384534332295,7.046701524535418,20,745.75,19.611690927929484,711.0,791.0,20,6.611072265486821,0.46512722003834867,5.284384534332295,7.046701524535418,20
collider,linear,additive,L0,1,20,121.7,25.40430962196023,80.0,174.0,20,121.7,25.40430962196023,80.0,174.0,20,0.9182783802228297,0.07855013420660735,0.7554313532548571,1.0160480708088786,20,0.9182783802228297,0.07855013420660735,0.7554313532548571,1.0160480708088786,20,1.0,0.0,1.0,1.0,20,1.0,0.0,1.0,1.0,20,0.16379769731470598,0.09262902865895208,0.07261581904554021,0.4463436272923933,20,0.11334257741209486,0.031044420068394807,0.02612067262472595,0.14768775359698394,20,121.7,25.40430962196023,80.0,174.0,20,121.7,25.40430962196023,80.0,174.0,20,0.9182783802228297,0.07855013420660735,0.7554313532548571,1.0160480708088786,20,121.7,25.40430962196023,80.0,174.0,20,0.9182783802228297,0.07855013420660735,0.7554313532548571,1.0160480708088786,20,121.7,25.40430962196023,80.0,174.0,20,0.9182783802228297,0.07855013420660735,0.7554313532548571,1.0160480708088786,20
collider,linear,additive,L1-oracle,-1,20,745.75,19.611690927929484,711.0,791.0,20,625.25,171.70779187175427,234.0,770.0,20,5.622292231884204,0.30324024958689555,4.937424419046368,6.103742382401596,20,5.622292231884204,0.30324024958689555,4.937424419046368,6.103742382401596,20,0.838542787650318,0.23108936079758252,0.32231404958677684,1.0,20,1.0,0.0,1.0,1.0,20,0.15038390242529306,0.09576922326406362,0.028836905526184356,0.3474751376387582,20,0.018782877441186806,0.08258109927000684,-0.12798888096136274,0.16279243887140282,20,745.75,19.611690927929484,711.0,791.0,20,745.75,19.611690927929484,711.0,791.0,20,5.622292231884204,0.30324024958689555,4.937424419046368,6.103742382401596,20,745.75,19.611690927929484,711.0,791.0,20,5.622292231884204,0.30324024958689555,4.937424419046368,6.103742382401596,20,625.25,171.70779187175427,234.0,770.0,20,5.56479173406918,0.31003782091247944,4.9390103345131005,6.103742382401596,20
collider,linear,additive,L1-oracle,1,20,121.7,25.40430962196023,80.0,174.0,20,119.75,24.802111539990005,80.0,165.0,20,0.804986449592376,0.05628029473803187,0.7100175094604785,0.8979380450564989,20,0.804986449592376,0.05628029473803187,0.7100175094604785,0.8979380450564989,20,0.9845030027398289,0.021397863234176955,0.9482758620689655,1.0,20,1.0,0.0,1.0,1.0,20,0.020370487322866157,0.013305597519114748,0.004207741187132353,0.05078926481221117,20,5.0646781641011664e-05,0.006902055723572612,-0.012872731225933354,0.016422680832332226,20,121.7,25.40430962196023,80.0,174.0,20,121.7,25.40430962196023,80.0,174.0,20,0.804986449592376,0.05628029473803187,0.7100175094604785,0.8979380450564989,20,121.7,25.40430962196023,80.0,174.0,20,0.804986449592376,0.05628029473803187,0.7100175094604785,0.8979380450564989,20,119.75,24.802111539990005,80.0,165.0,20,0.7985271978791075,0.05441698071543697,0.7100175094604785,0.8979380450564989,20
collider,linear,additive,L2,-1,20,745.75,19.611690927929484,711.0,791.0,20,745.75,19.611690927929484,711.0,791.0,20,5.603509354443017,0.2996458681171149,4.937442555469176,6.059569046613664,20,5.603509354443017,0.2996458681171149,4.937442555469176,6.059569046613664,20,1.0,0.0,1.0,1.0,20,1.0,0.0,1.0,1.0,20,0.0,0.0,0.0,0.0,20,,,,,0,745.75,19.611690927929484,711.0,791.0,20,745.75,19.611690927929484,711.0,791.0,20,5.603509354443017,0.2996458681171149,4.937442555469176,6.059569046613664,20,,,,,0,,,,,0,745.75,19.611690927929484,711.0,791.0,20,5.603509354443017,0.2996458681171149,4.937442555469176,6.059569046613664,20
collider,linear,additive,L2,1,20,121.7,25.40430962196023,80.0,174.0,20,121.7,25.40430962196023,80.0,174.0,20,0.8049358028107351,0.057987793665929405,0.7050861319020583,0.8966824495430283,20,0.8049358028107351,0.057987793665929405,0.7050861319020583,0.8966824495430283,20,1.0,0.0,1.0,1.0,20,1.0,0.0,1.0,1.0,20,0.0,0.0,0.0,0.0,20,,,,,0,121.7,25.40430962196023,80.0,174.0,20,121.7,25.40430962196023,80.0,174.0,20,0.8049358028107351,0.057987793665929405,0.7050861319020583,0.8966824495430283,20,,,,,0,,,,,0,121.7,25.40430962196023,80.0,174.0,20,0.8049358028107351,0.057987793665929405,0.7050861319020583,0.8966824495430283,20
collider,linear,effect_modifying,L0,-1,20,745.75,19.611690927929484,711.0,791.0,20,745.75,19.611690927929484,711.0,791.0,20,6.555235069013108,0.4799001861948092,5.203099252153643,6.99069822416725,20,6.555235069013108,0.4799001861948092,5.203099252153643,6.99069822416725,20,1.0,0.0,1.0,1.0,20,1.0,0.0,1.0,1.0,20,0.07215814914023916,0.3112248691279957,0.0,1.3936181708396826,20,0.4704133646782956,0.23074895833295697,0.03930708811775396,0.7342309125475168,20,745.75,19.611690927929484,711.0,791.0,20,745.75,19.611690927929484,711.0,791.0,20,6.555235069013108,0.4799001861948092,5.203099252153643,6.99069822416725,20,745.75,19.611690927929484,711.0,791.0,20,6.555235069013108,0.4799001861948092,5.203099252153643,6.99069822416725,20,745.75,19.611690927929484,711.0,791.0,20,6.555235069013108,0.4799001861948092,5.203099252153643,6.99069822416725,20
collider,linear,effect_modifying,L0,1,20,131.9,23.11048975772918,98.0,170.0,20,131.9,23.11048975772918,98.0,170.0,20,0.9675417063485003,0.09054005611350104,0.7695780170093889,1.0892147819622104,20,0.9675417063485003,0.09054005611350104,0.7695780170093889,1.0892147819622104,20,1.0,0.0,1.0,1.0,20,1.0,0.0,1.0,1.0,20,0.2095681981943714,0.10523295832177698,0.10239413907172758,0.48587047240965797,20,0.1734191973750052,0.05399242178716248,0.032260037406523834,0.23673412012895023,20,131.9,23.11048975772918,98.0,170.0,20,131.9,23.11048975772918,98.0,170.0,20,0.9675417063485003,0.09054005611350104,0.7695780170093889,1.0892147819622104,20,131.9,23.11048975772918,98.0,170.0,20,0.9675417063485003,0.09054005611350104,0.7695780170093889,1.0892147819622104,20,131.9,23.11048975772918,98.0,170.0,20,0.9675417063485003,0.09054005611350104,0.7695780170093889,1.0892147819622104,20
collider,linear,effect_modifying,L1-oracle,-1,20,745.75,19.611690927929484,711.0,791.0,20,634.05,210.94486059282485,5.0,770.0,20,6.113763088876665,0.5070868379510757,5.020409876680541,6.866792446091284,20,6.113763088876665,0.5070868379510757,5.020409876680541,6.866792446091284,20,0.85188693744339,0.2867343713449402,0.006830601092896175,1.0,20,1.0,0.0,1.0,1.0,20,0.15180430025188366,0.13652784132049917,0.015828297052671324,0.5116061907146411,20,0.028941384541852334,0.0832732278125104,-0.13265272345559076,0.2263915380526198,20,745.75,19.611690927929484,711.0,791.0,20,745.75,19.611690927929484,711.0,791.0,20,6.113763088876665,0.5070868379510757,5.020409876680541,6.866792446091284,20,745.75,19.611690927929484,711.0,791.0,20,6.113763088876665,0.5070868379510757,5.020409876680541,6.866792446091284,20,634.05,210.94486059282485,5.0,770.0,20,5.9379862216539525,0.7492064191010932,3.6007703891637868,6.866792446091284,20
collider,linear,effect_modifying,L1-oracle,1,20,131.9,23.11048975772918,98.0,170.0,20,128.45,21.017473933047135,98.0,164.0,20,0.7939841862672116,0.045187491317781825,0.737317979602865,0.878746618273165,20,0.7939841862672116,0.045187491317781825,0.737317979602865,0.878746618273165,20,0.976518786344007,0.03908847541155918,0.8764705882352941,1.0,20,1.0,0.0,1.0,1.0,20,0.02555091253929643,0.01892143877178422,0.004908604294300699,0.08078147246957314,20,-0.00013832270628327258,0.010668594161111843,-0.01829903385704834,0.028408311348383286,20,131.9,23.11048975772918,98.0,170.0,20,131.9,23.11048975772918,98.0,170.0,20,0.7939841862672116,0.045187491317781825,0.737317979602865,0.878746618273165,20,131.9,23.11048975772918,98.0,170.0,20,0.7939841862672116,0.045187491317781825,0.737317979602865,0.878746618273165,20,128.45,21.017473933047135,98.0,164.0,20,0.7855747685177045,0.04820552022444911,0.7258816876103729,0.878746618273165,20
collider,linear,effect_modifying,L2,-1,20,745.75,19.611690927929484,711.0,791.0,20,745.75,19.611690927929484,711.0,791.0,20,6.0848217043348125,0.4993292642013907,5.021811780377865,6.8090544198209475,20,6.0848217043348125,0.4993292642013907,5.021811780377865,6.8090544198209475,20,1.0,0.0,1.0,1.0,20,1.0,0.0,1.0,1.0,20,0.0,0.0,0.0,0.0,20,,,,,0,745.75,19.611690927929484,711.0,791.0,20,745.75,19.611690927929484,711.0,791.0,20,6.0848217043348125,0.4993292642013907,5.021811780377865,6.8090544198209475,20,,,,,0,,,,,0,745.75,19.611690927929484,711.0,791.0,20,6.0848217043348125,0.4993292642013907,5.021811780377865,6.8090544198209475,20
collider,linear,effect_modifying,L2,1,20,131.9,23.11048975772918,98.0,170.0,20,131.9,23.11048975772918,98.0,170.0,20,0.7941225089734949,0.04506958024768728,0.7360418111193917,0.8726070859865185,20,0.7941225089734949,0.04506958024768728,0.7360418111193917,0.8726070859865185,20,1.0,0.0,1.0,1.0,20,1.0,0.0,1.0,1.0,20,0.0,0.0,0.0,0.0,20,,,,,0,131.9,23.11048975772918,98.0,170.0,20,131.9,23.11048975772918,98.0,170.0,20,0.7941225089734949,0.04506958024768728,0.7360418111193917,0.8726070859865185,20,,,,,0,,,,,0,131.9,23.11048975772918,98.0,170.0,20,0.7941225089734949,0.04506958024768728,0.7360418111193917,0.8726070859865185,20
collider,nlg,additive,L0,-1,20,745.7,19.6525075405552,711.0,791.0,20,745.7,19.6525075405552,711.0,791.0,20,2.755876163929226,0.1946659304811069,2.2480512682593012,3.166023823035067,20,2.755876163929226,0.1946659304811069,2.2480512682593012,3.166023823035067,20,1.0,0.0,1.0,1.0,20,1.0,0.0,1.0,1.0,20,0.00018550760107576328,0.0003196739223479087,0.0,0.0010061784953488127,20,0.47157703439325227,0.06518188921989594,0.29650090609111013,0.5330528561774561,20,745.7,19.6525075405552,711.0,791.0,20,745.7,19.6525075405552,711.0,791.0,20,2.755876163929226,0.1946659304811069,2.2480512682593012,3.166023823035067,20,745.7,19.6525075405552,711.0,791.0,20,2.755876163929226,0.1946659304811069,2.2480512682593012,3.166023823035067,20,745.7,19.6525075405552,711.0,791.0,20,2.755876163929226,0.1946659304811069,2.2480512682593012,3.166023823035067,20
collider,nlg,additive,L0,1,20,169.95,21.97480614847735,131.0,210.0,20,169.95,21.97480614847735,131.0,210.0,20,0.509955698529206,0.062918463949855,0.3919569091466593,0.6870369128166277,20,0.509955698529206,0.062918463949855,0.3919569091466593,0.6870369128166277,20,1.0,0.0,1.0,1.0,20,1.0,0.0,1.0,1.0,20,0.07537396361252935,0.0370804260530263,0.0,0.18317052487245986,20,0.09357740504701842,0.010574355271053994,0.06115063089344286,0.11055115457076697,20,169.95,21.97480614847735,131.0,210.0,20,169.95,21.97480614847735,131.0,210.0,20,0.509955698529206,0.062918463949855,0.3919569091466593,0.6870369128166277,20,169.95,21.97480614847735,131.0,210.0,20,0.509955698529206,0.062918463949855,0.3919569091466593,0.6870369128166277,20,169.95,21.97480614847735,131.0,210.0,20,0.509955698529206,0.062918463949855,0.3919569091466593,0.6870369128166277,20
collider,nlg,additive,L1-oracle,-1,20,745.7,19.6525075405552,711.0,791.0,20,509.15,309.3610180253553,3.0,770.0,20,2.3055263340520473,0.23616495310139551,1.8933447153341998,2.8043343128764984,20,2.3055263340520473,0.23616495310139551,1.8933447153341998,2.8043343128764984,20,0.6825997120414562,0.4152307250162553,0.004026845637583893,1.0,20,1.0,0.0,1.0,1.0,20,0.15314425670169984,0.11684141568410274,0.015905880600781592,0.396363118615812,20,0.021227204516074218,0.10406489413865828,-0.14475172199134723,0.23808675506426935,20,745.7,19.6525075405552,711.0,791.0,20,745.7,19.6525075405552,711.0,791.0,20,2.3055263340520473,0.23616495310139551,1.8933447153341998,2.8043343128764984,20,745.7,19.6525075405552,711.0,791.0,20,2.3055263340520473,0.23616495310139551,1.8933447153341998,2.8043343128764984,20,509.15,309.3610180253553,3.0,770.0,20,2.1011209280682235,0.578248086084532,0.4965732654395885,2.843444930247434,20
collider,nlg,additive,L1-oracle,1,20,169.95,21.97480614847735,131.0,210.0,20,155.1,28.445515787572788,103.0,210.0,20,0.41811066449336953,0.05695016424016585,0.33193183566766915,0.5832013909952576,20,0.41811066449336953,0.05695016424016585,0.33193183566766915,0.5832013909952576,20,0.9138788510778901,0.11963624278288651,0.6242424242424243,1.0,20,1.0,0.0,1.0,1.0,20,0.027622416203638433,0.018900033381914337,0.004150604690041197,0.06663177094045986,20,0.0017323710111820407,0.014694171322315461,-0.022698756548411192,0.03719786152819993,20,169.95,21.97480614847735,131.0,210.0,20,169.95,21.97480614847735,131.0,210.0,20,0.41811066449336953,0.05695016424016585,0.33193183566766915,0.5832013909952576,20,169.95,21.97480614847735,131.0,210.0,20,0.41811066449336953,0.05695016424016585,0.33193183566766915,0.5832013909952576,20,155.1,28.445515787572788,103.0,210.0,20,0.39479821149782607,0.06599808109929348,0.248930061402467,0.5109806573419565,20
collider,nlg,additive,L2,-1,20,745.7,19.6525075405552,711.0,791.0,20,745.7,19.6525075405552,711.0,791.0,20,2.284299129535973,0.2138224631353793,1.8833723860297877,2.8695229169439567,20,2.284299129535973,0.2138224631353793,1.8833723860297877,2.8695229169439567,20,1.0,0.0,1.0,1.0,20,1.0,0.0,1.0,1.0,20,0.0,0.0,0.0,0.0,20,,,,,0,745.7,19.6525075405552,711.0,791.0,20,745.7,19.6525075405552,711.0,791.0,20,2.284299129535973,0.2138224631353793,1.8833723860297877,2.8695229169439567,20,,,,,0,,,,,0,745.7,19.6525075405552,711.0,791.0,20,2.284299129535973,0.2138224631353793,1.8833723860297877,2.8695229169439567,20
collider,nlg,additive,L2,1,20,169.95,21.97480614847735,131.0,210.0,20,169.95,21.97480614847735,131.0,210.0,20,0.4163782934821875,0.05698805074060541,0.33080627825321646,0.594759203490533,20,0.4163782934821875,0.05698805074060541,0.33080627825321646,0.594759203490533,20,1.0,0.0,1.0,1.0,20,1.0,0.0,1.0,1.0,20,0.0,0.0,0.0,0.0,20,,,,,0,169.95,21.97480614847735,131.0,210.0,20,169.95,21.97480614847735,131.0,210.0,20,0.4163782934821875,0.05698805074060541,0.33080627825321646,0.594759203490533,20,,,,,0,,,,,0,169.95,21.97480614847735,131.0,210.0,20,0.4163782934821875,0.05698805074060541,0.33080627825321646,0.594759203490533,20
collider,nlg,effect_modifying,L0,-1,20,745.75,19.611690927929484,711.0,791.0,20,745.75,19.611690927929484,711.0,791.0,20,2.7537157481223025,0.20479941850543823,2.272455180959965,3.1113997905333997,20,2.7537157481223025,0.20479941850543823,2.272455180959965,3.1113997905333997,20,1.0,0.0,1.0,1.0,20,1.0,0.0,1.0,1.0,20,0.00016029666231066037,0.00029960292284639196,0.0,0.0011462055375462373,20,0.27254989490758624,0.07195956637392238,0.10888808925288851,0.35157133437246735,20,745.75,19.611690927929484,711.0,791.0,20,745.75,19.611690927929484,711.0,791.0,20,2.7537157481223025,0.20479941850543823,2.272455180959965,3.1113997905333997,20,745.75,19.611690927929484,711.0,791.0,20,2.7537157481223025,0.20479941850543823,2.272455180959965,3.1113997905333997,20,745.75,19.611690927929484,711.0,791.0,20,2.7537157481223025,0.20479941850543823,2.272455180959965,3.1113997905333997,20
collider,nlg,effect_modifying,L0,1,20,173.15,20.999436082654068,137.0,216.0,20,173.15,20.999436082654068,137.0,216.0,20,0.5259995098970556,0.06475408245734966,0.4127134571531375,0.6902963724939323,20,0.5259995098970556,0.06475408245734966,0.4127134571531375,0.6902963724939323,20,1.0,0.0,1.0,1.0,20,1.0,0.0,1.0,1.0,20,0.09497289839981785,0.04234065116891445,0.04407216592398327,0.2318503356062286,20,0.12461163029327364,0.018637842202586265,0.08007398270888277,0.1568233363486018,20,173.15,20.999436082654068,137.0,216.0,20,173.15,20.999436082654068,137.0,216.0,20,0.5259995098970556,0.06475408245734966,0.4127134571531375,0.6902963724939323,20,173.15,20.999436082654068,137.0,216.0,20,0.5259995098970556,0.06475408245734966,0.4127134571531375,0.6902963724939323,20,173.15,20.999436082654068,137.0,216.0,20,0.5259995098970556,0.06475408245734966,0.4127134571531375,0.6902963724939323,20
collider,nlg,effect_modifying,L1-oracle,-1,20,745.75,19.611690927929484,711.0,791.0,20,551.2,276.86109000344334,0.0,770.0,20,2.5065965550935765,0.2900998495707997,1.9863895357214072,3.003557092137467,20,2.5065965550935765,0.2900998495707997,1.9863895357214072,3.003557092137467,20,0.740051970039082,0.3729183218801312,0.0,1.0,20,1.0,0.0,1.0,1.0,20,0.13180511487895627,0.13863140349659367,0.002030177500630141,0.5040967219208596,20,0.025430701878860106,0.11716104929325162,-0.26143419859394124,0.30116095479531824,20,745.75,19.611690927929484,711.0,791.0,20,745.75,19.611690927929484,711.0,791.0,20,2.5065965550935765,0.2900998495707997,1.9863895357214072,3.003557092137467,20,745.75,19.611690927929484,711.0,791.0,20,2.5065965550935765,0.2900998495707997,1.9863895357214072,3.003557092137467,20,551.2,276.86109000344334,0.0,770.0,20,2.4723055383088757,0.40059932539457915,1.5235574409810466,3.0383426089025347,19
collider,nlg,effect_modifying,L1-oracle,1,20,173.15,20.999436082654068,137.0,216.0,20,155.15,29.923191147019274,110.0,216.0,20,0.4032633719641817,0.05270792849088367,0.33244690034484725,0.515163507466919,20,0.4032633719641817,0.05270792849088367,0.33244690034484725,0.515163507466919,20,0.8980070982461743,0.13756044686085941,0.5978260869565217,1.0,20,1.0,0.0,1.0,1.0,20,0.03462834768711302,0.025464837810462236,0.005398006294928805,0.10907822631727243,20,0.0018754923603996666,0.01963786128812981,-0.023366955408390566,0.06156152605808307,20,173.15,20.999436082654068,137.0,216.0,20,173.15,20.999436082654068,137.0,216.0,20,0.4032633719641817,0.05270792849088367,0.33244690034484725,0.515163507466919,20,173.15,20.999436082654068,137.0,216.0,20,0.4032633719641817,0.05270792849088367,0.33244690034484725,0.515163507466919,20,155.15,29.923191147019274,110.0,216.0,20,0.376708422938564,0.0682684706326126,0.24603743409194204,0.4937371837149814,20
collider,nlg,effect_modifying,L2,-1,20,745.75,19.611690927929484,711.0,791.0,20,745.75,19.611690927929484,711.0,791.0,20,2.481165853214717,0.25576689958726007,1.9990897771255611,3.002511701280511,20,2.481165853214717,0.25576689958726007,1.9990897771255611,3.002511701280511,20,1.0,0.0,1.0,1.0,20,1.0,0.0,1.0,1.0,20,0.0,0.0,0.0,0.0,20,,,,,0,745.75,19.611690927929484,711.0,791.0,20,745.75,19.611690927929484,711.0,791.0,20,2.481165853214717,0.25576689958726007,1.9990897771255611,3.002511701280511,20,,,,,0,,,,,0,745.75,19.611690927929484,711.0,791.0,20,2.481165853214717,0.25576689958726007,1.9990897771255611,3.002511701280511,20
collider,nlg,effect_modifying,L2,1,20,173.15,20.999436082654068,137.0,216.0,20,173.15,20.999436082654068,137.0,216.0,20,0.4013878796037821,0.04893681233530401,0.33263947444425473,0.5334730361453305,20,0.4013878796037821,0.04893681233530401,0.33263947444425473,0.5334730361453305,20,1.0,0.0,1.0,1.0,20,1.0,0.0,1.0,1.0,20,0.0,0.0,0.0,0.0,20,,,,,0,173.15,20.999436082654068,137.0,216.0,20,173.15,20.999436082654068,137.0,216.0,20,0.4013878796037821,0.04893681233530401,0.33263947444425473,0.5334730361453305,20,,,,,0,,,,,0,173.15,20.999436082654068,137.0,216.0,20,0.4013878796037821,0.04893681233530401,0.33263947444425473,0.5334730361453305,20
chain,linear,additive,L0,-1,20,745.75,19.611690927929484,711.0,791.0,20,745.75,19.611690927929484,711.0,791.0,20,2.8406498737707744,0.11661969866301013,2.543299934736805,3.0132930315196553,20,2.8406498737707744,0.11661969866301013,2.543299934736805,3.0132930315196553,20,1.0,0.0,1.0,1.0,20,1.0,0.0,1.0,1.0,20,0.002207808192714949,0.009692044978793241,0.0,0.043383152905153884,20,0.13809090991857242,0.06010297459159127,0.010675835833203529,0.22967237784357675,20,745.75,19.611690927929484,711.0,791.0,20,745.75,19.611690927929484,711.0,791.0,20,2.8406498737707744,0.11661969866301013,2.543299934736805,3.0132930315196553,20,745.75,19.611690927929484,711.0,791.0,20,2.8406498737707744,0.11661969866301013,2.543299934736805,3.0132930315196553,20,745.75,19.611690927929484,711.0,791.0,20,2.8406498737707744,0.11661969866301013,2.543299934736805,3.0132930315196553,20
chain,linear,additive,L0,1,20,157.25,22.360385553591495,112.0,195.0,20,157.25,22.360385553591495,112.0,195.0,20,0.4940459911632404,0.024618757938633124,0.4559439635100809,0.547897444843635,20,0.4940459911632404,0.024618757938633124,0.4559439635100809,0.547897444843635,20,1.0,0.0,1.0,1.0,20,1.0,0.0,1.0,1.0,20,0.06127003573451496,0.02542095726770779,0.024926868560601022,0.14647282458717065,20,0.03210054295682618,0.009048114050702426,0.01553283685675394,0.04396059187313839,20,157.25,22.360385553591495,112.0,195.0,20,157.25,22.360385553591495,112.0,195.0,20,0.4940459911632404,0.024618757938633124,0.4559439635100809,0.547897444843635,20,157.25,22.360385553591495,112.0,195.0,20,0.4940459911632404,0.024618757938633124,0.4559439635100809,0.547897444843635,20,157.25,22.360385553591495,112.0,195.0,20,0.4940459911632404,0.024618757938633124,0.4559439635100809,0.547897444843635,20
chain,linear,additive,L1-oracle,-1,20,745.75,19.611690927929484,711.0,791.0,20,575.65,190.89988420497716,127.0,785.0,20,2.7057949349030386,0.13856305135345778,2.355019979234137,2.896890323105913,20,2.7057949349030386,0.13856305135345778,2.355019979234137,2.896890323105913,20,0.771075845392678,0.25333410091991837,0.17349726775956284,1.0,20,1.0,0.0,1.0,1.0,20,0.05462624836837382,0.03548748169517473,0.013329036172731975,0.14711676210276708,20,0.003235971050836883,0.03287026745591605,-0.053785689687236626,0.0796008871811611,20,745.75,19.611690927929484,711.0,791.0,20,745.75,19.611690927929484,711.0,791.0,20,2.7057949349030386,0.13856305135345778,2.355019979234137,2.896890323105913,20,745.75,19.611690927929484,711.0,791.0,20,2.7057949349030386,0.13856305135345778,2.355019979234137,2.896890323105913,20,575.65,190.89988420497716,127.0,785.0,20,2.621116346642808,0.18704261095710958,2.135230698152214,2.8815277221284163,20
chain,linear,additive,L1-oracle,1,20,157.25,22.360385553591495,112.0,195.0,20,152.45,21.79926362831649,111.0,195.0,20,0.46234058242430603,0.023917095800694833,0.4266845837740901,0.5032640194169039,20,0.46234058242430603,0.023917095800694833,0.4266845837740901,0.5032640194169039,20,0.9705186419186772,0.03985862812296608,0.8614457831325302,1.0,20,1.0,0.0,1.0,1.0,20,0.007934943612363096,0.004323070080164887,0.0028003684674298974,0.01784842001847241,20,0.000395134217891735,0.003847729081119782,-0.007549649890485788,0.007040328198866241,20,157.25,22.360385553591495,112.0,195.0,20,157.25,22.360385553591495,112.0,195.0,20,0.46234058242430603,0.023917095800694833,0.4266845837740901,0.5032640194169039,20,157.25,22.360385553591495,112.0,195.0,20,0.46234058242430603,0.023917095800694833,0.4266845837740901,0.5032640194169039,20,152.45,21.79926362831649,111.0,195.0,20,0.4527963815716107,0.022699553171686555,0.4160435401856216,0.5029170967867289,20
chain,linear,additive,L2,-1,20,745.75,19.611690927929484,711.0,791.0,20,745.75,19.611690927929484,711.0,791.0,20,2.7025589638522023,0.13883296058080394,2.379175097483468,2.905769598571385,20,2.7025589638522023,0.13883296058080394,2.379175097483468,2.905769598571385,20,1.0,0.0,1.0,1.0,20,1.0,0.0,1.0,1.0,20,0.0,0.0,0.0,0.0,20,,,,,0,745.75,19.611690927929484,711.0,791.0,20,745.75,19.611690927929484,711.0,791.0,20,2.7025589638522023,0.13883296058080394,2.379175097483468,2.905769598571385,20,,,,,0,,,,,0,745.75,19.611690927929484,711.0,791.0,20,2.7025589638522023,0.13883296058080394,2.379175097483468,2.905769598571385,20
chain,linear,additive,L2,1,20,157.25,22.360385553591495,112.0,195.0,20,157.25,22.360385553591495,112.0,195.0,20,0.46194544820641426,0.02608268540708584,0.4231579297923985,0.5086059459690662,20,0.46194544820641426,0.02608268540708584,0.4231579297923985,0.5086059459690662,20,1.0,0.0,1.0,1.0,20,1.0,0.0,1.0,1.0,20,0.0,0.0,0.0,0.0,20,,,,,0,157.25,22.360385553591495,112.0,195.0,20,157.25,22.360385553591495,112.0,195.0,20,0.46194544820641426,0.02608268540708584,0.4231579297923985,0.5086059459690662,20,,,,,0,,,,,0,157.25,22.360385553591495,112.0,195.0,20,0.46194544820641426,0.02608268540708584,0.4231579297923985,0.5086059459690662,20
chain,linear,effect_modifying,L0,-1,20,745.75,19.611690927929484,711.0,791.0,20,745.75,19.611690927929484,711.0,791.0,20,2.811574527030826,0.10986069956168178,2.5270586745949535,2.9839434952531247,20,2.811574527030826,0.10986069956168178,2.5270586745949535,2.9839434952531247,20,1.0,0.0,1.0,1.0,20,1.0,0.0,1.0,1.0,20,2.108284925994071e-05,7.244222721685772e-05,0.0,0.00031008088167269125,20,0.0755885763808681,0.07682135554143261,0.0,0.2211944101847294,20,745.75,19.611690927929484,711.0,791.0,20,745.75,19.611690927929484,711.0,791.0,20,2.811574527030826,0.10986069956168178,2.5270586745949535,2.9839434952531247,20,745.75,19.611690927929484,711.0,791.0,20,2.811574527030826,0.10986069956168178,2.5270586745949535,2.9839434952531247,20,745.75,19.611690927929484,711.0,791.0,20,2.811574527030826,0.10986069956168178,2.5270586745949535,2.9839434952531247,20
chain,linear,effect_modifying,L0,1,20,170.2,23.569829063980567,113.0,203.0,20,170.2,23.569829063980567,113.0,203.0,20,0.5485266150226508,0.021160355448705846,0.5120034938893856,0.5909069039840477,20,0.5485266150226508,0.021160355448705846,0.5120034938893856,0.5909069039840477,20,1.0,0.0,1.0,1.0,20,1.0,0.0,1.0,1.0,20,0.07813048622154131,0.021819568289127234,0.0469299047735886,0.12956092178823467,20,0.07810708267207452,0.014997589391996604,0.04325374423542072,0.09682562472710265,20,170.2,23.569829063980567,113.0,203.0,20,170.2,23.569829063980567,113.0,203.0,20,0.5485266150226508,0.021160355448705846,0.5120034938893856,0.5909069039840477,20,170.2,23.569829063980567,113.0,203.0,20,0.5485266150226508,0.021160355448705846,0.5120034938893856,0.5909069039840477,20,170.2,23.569829063980567,113.0,203.0,20,0.5485266150226508,0.021160355448705846,0.5120034938893856,0.5909069039840477,20
chain,linear,effect_modifying,L1-oracle,-1,20,745.75,19.611690927929484,711.0,791.0,20,639.7,196.72559034029317,159.0,780.0,20,2.7354477170022182,0.15861931624937772,2.276462962534388,2.98071454153661,20,2.7354477170022182,0.15861931624937772,2.276462962534388,2.98071454153661,20,0.8573356349695948,0.2615418968521844,0.21721311475409835,1.0,20,1.0,0.0,1.0,1.0,20,0.03495743183645131,0.03927193746483474,0.0,0.11169113591589432,20,-0.0005382336477397053,0.02808031021396773,-0.06422043248721643,0.05944108175536433,20,745.75,19.611690927929484,711.0,791.0,20,745.75,19.611690927929484,711.0,791.0,20,2.7354477170022182,0.15861931624937772,2.276462962534388,2.98071454153661,20,745.75,19.611690927929484,711.0,791.0,20,2.7354477170022182,0.15861931624937772,2.276462962534388,2.98071454153661,20,639.7,196.72559034029317,159.0,780.0,20,2.6833068442625208,0.23590912519232546,1.9342219019309899,2.98071454153661,20
chain,linear,effect_modifying,L1-oracle,1,20,170.2,23.569829063980567,113.0,203.0,20,167.4,23.54927644435454,113.0,203.0,20,0.4732584395635756,0.025989973019967177,0.42215236407595036,0.5263451543684856,20,0.4732584395635756,0.025989973019967177,0.42215236407595036,0.5263451543684856,20,0.9838157178256779,0.026956195706780203,0.8920454545454546,1.0,20,1.0,0.0,1.0,1.0,20,0.015413404595502287,0.009771190690462743,0.002366436992530127,0.03618385261835711,20,0.002838907212999414,0.006945483733022333,-0.009532423514391097,0.016828561386861507,20,170.2,23.569829063980567,113.0,203.0,20,170.2,23.569829063980567,113.0,203.0,20,0.4732584395635756,0.025989973019967177,0.42215236407595036,0.5263451543684856,20,170.2,23.569829063980567,113.0,203.0,20,0.4732584395635756,0.025989973019967177,0.42215236407595036,0.5263451543684856,20,167.4,23.54927644435454,113.0,203.0,20,0.4688335855597095,0.022228943718587735,0.42215236407595036,0.5008783535827609,20
chain,linear,effect_modifying,L2,-1,20,745.75,19.611690927929484,711.0,791.0,20,745.75,19.611690927929484,711.0,791.0,20,2.735985950649958,0.15626145043260406,2.305864264410224,2.974132923042722,20,2.735985950649958,0.15626145043260406,2.305864264410224,2.974132923042722,20,1.0,0.0,1.0,1.0,20,1.0,0.0,1.0,1.0,20,0.0,0.0,0.0,0.0,20,,,,,0,745.75,19.611690927929484,711.0,791.0,20,745.75,19.611690927929484,711.0,791.0,20,2.735985950649958,0.15626145043260406,2.305864264410224,2.974132923042722,20,,,,,0,,,,,0,745.75,19.611690927929484,711.0,791.0,20,2.735985950649958,0.15626145043260406,2.305864264410224,2.974132923042722,20
chain,linear,effect_modifying,L2,1,20,170.2,23.569829063980567,113.0,203.0,20,170.2,23.569829063980567,113.0,203.0,20,0.4704195323505763,0.029207009271157776,0.41726701621107937,0.5293310629745023,20,0.4704195323505763,0.029207009271157776,0.41726701621107937,0.5293310629745023,20,1.0,0.0,1.0,1.0,20,1.0,0.0,1.0,1.0,20,0.0,0.0,0.0,0.0,20,,,,,0,170.2,23.569829063980567,113.0,203.0,20,170.2,23.569829063980567,113.0,203.0,20,0.4704195323505763,0.029207009271157776,0.41726701621107937,0.5293310629745023,20,,,,,0,,,,,0,170.2,23.569829063980567,113.0,203.0,20,0.4704195323505763,0.029207009271157776,0.41726701621107937,0.5293310629745023,20
chain,nlg,additive,L0,-1,20,745.55,19.554175755415624,711.0,791.0,20,745.55,19.554175755415624,711.0,791.0,20,1.8032540374764046,0.06461770445064213,1.629244376143134,1.9219075846137963,20,1.8032540374764046,0.06461770445064213,1.629244376143134,1.9219075846137963,20,1.0,0.0,1.0,1.0,20,1.0,0.0,1.0,1.0,20,0.0001824462247819863,0.0003148260340461492,0.0,0.0009497869871060503,20,0.07673479257627773,0.027235515967493237,0.01793358242454479,0.1300421367340454,20,745.55,19.554175755415624,711.0,791.0,20,745.55,19.554175755415624,711.0,791.0,20,1.8032540374764046,0.06461770445064213,1.629244376143134,1.9219075846137963,20,745.55,19.554175755415624,711.0,791.0,20,1.8032540374764046,0.06461770445064213,1.629244376143134,1.9219075846137963,20,745.55,19.554175755415624,711.0,791.0,20,1.8032540374764046,0.06461770445064213,1.629244376143134,1.9219075846137963,20
chain,nlg,additive,L0,1,20,169.3,21.56288233833413,127.0,208.0,20,169.3,21.56288233833413,127.0,208.0,20,0.3616135907240734,0.015762302298595612,0.32311674509102645,0.3868658423177606,20,0.3616135907240734,0.015762302298595612,0.32311674509102645,0.3868658423177606,20,1.0,0.0,1.0,1.0,20,1.0,0.0,1.0,1.0,20,0.024778429357406005,0.013716948414878171,0.0,0.0546602517057405,20,0.028384259277434643,0.005984448765368274,0.01805912563250467,0.03758269122616975,20,169.3,21.56288233833413,127.0,208.0,20,169.3,21.56288233833413,127.0,208.0,20,0.3616135907240734,0.015762302298595612,0.32311674509102645,0.3868658423177606,20,169.3,21.56288233833413,127.0,208.0,20,0.3616135907240734,0.015762302298595612,0.32311674509102645,0.3868658423177606,20,169.3,21.56288233833413,127.0,208.0,20,0.3616135907240734,0.015762302298595612,0.32311674509102645,0.3868658423177606,20
chain,nlg,additive,L1-oracle,-1,20,745.55,19.554175755415624,711.0,791.0,20,575.5,255.03652989120474,30.0,784.0,20,1.7285303671578163,0.08274207354470624,1.5209488044314787,1.8857842006214356,20,1.7285303671578163,0.08274207354470624,1.5209488044314787,1.8857842006214356,20,0.7713802690278921,0.34123018160333796,0.040983606557377046,1.0,20,1.0,0.0,1.0,1.0,20,0.03689057243559387,0.026748711593819433,0.005408599149446609,0.1039544150696369,20,0.002011122257689002,0.027652707363039264,-0.05591279633806079,0.05900763640545703,20,745.55,19.554175755415624,711.0,791.0,20,745.55,19.554175755415624,711.0,791.0,20,1.7285303671578163,0.08274207354470624,1.5209488044314787,1.8857842006214356,20,745.55,19.554175755415624,711.0,791.0,20,1.7285303671578163,0.08274207354470624,1.5209488044314787,1.8857842006214356,20,575.5,255.03652989120474,30.0,784.0,20,1.608764160391323,0.28813380849800024,0.8576350515901581,1.8857842006214356,20
chain,nlg,additive,L1-oracle,1,20,169.3,21.56288233833413,127.0,208.0,20,162.2,22.02773371528671,125.0,208.0,20,0.3339079704088938,0.015488070490826995,0.29998582145651,0.3627416358852345,20,0.3339079704088938,0.015488070490826995,0.29998582145651,0.3627416358852345,20,0.9590620616905573,0.057672252190128954,0.8125,1.0,20,1.0,0.0,1.0,1.0,20,0.008522823308395891,0.0050669576240635564,0.002501851591168339,0.019493148429845474,20,0.0006786389622550459,0.00393640224159841,-0.007481082090873947,0.008217186937478804,20,169.3,21.56288233833413,127.0,208.0,20,169.3,21.56288233833413,127.0,208.0,20,0.3339079704088938,0.015488070490826995,0.29998582145651,0.3627416358852345,20,169.3,21.56288233833413,127.0,208.0,20,0.3339079704088938,0.015488070490826995,0.29998582145651,0.3627416358852345,20,162.2,22.02773371528671,125.0,208.0,20,0.32409274266161414,0.02211967708138152,0.27264366959824526,0.35770931572698794,20
chain,nlg,additive,L2,-1,20,745.55,19.554175755415624,711.0,791.0,20,745.55,19.554175755415624,711.0,791.0,20,1.726519244900127,0.07941911489208729,1.5151580588401172,1.8713427692860585,20,1.726519244900127,0.07941911489208729,1.5151580588401172,1.8713427692860585,20,1.0,0.0,1.0,1.0,20,1.0,0.0,1.0,1.0,20,0.0,0.0,0.0,0.0,20,,,,,0,745.55,19.554175755415624,711.0,791.0,20,745.55,19.554175755415624,711.0,791.0,20,1.726519244900127,0.07941911489208729,1.5151580588401172,1.8713427692860585,20,,,,,0,,,,,0,745.55,19.554175755415624,711.0,791.0,20,1.726519244900127,0.07941911489208729,1.5151580588401172,1.8713427692860585,20
chain,nlg,additive,L2,1,20,169.3,21.56288233833413,127.0,208.0,20,169.3,21.56288233833413,127.0,208.0,20,0.3332293314466388,0.01648070613227471,0.29631930818933755,0.3633029532712318,20,0.3332293314466388,0.01648070613227471,0.29631930818933755,0.3633029532712318,20,1.0,0.0,1.0,1.0,20,1.0,0.0,1.0,1.0,20,0.0,0.0,0.0,0.0,20,,,,,0,169.3,21.56288233833413,127.0,208.0,20,169.3,21.56288233833413,127.0,208.0,20,0.3332293314466388,0.01648070613227471,0.29631930818933755,0.3633029532712318,20,,,,,0,,,,,0,169.3,21.56288233833413,127.0,208.0,20,0.3332293314466388,0.01648070613227471,0.29631930818933755,0.3633029532712318,20
chain,nlg,effect_modifying,L0,-1,20,745.75,19.611690927929484,711.0,791.0,20,745.75,19.611690927929484,711.0,791.0,20,1.7903896273328743,0.062018491164621874,1.66939319740251,1.90842937732844,20,1.7903896273328743,0.062018491164621874,1.66939319740251,1.90842937732844,20,1.0,0.0,1.0,1.0,20,1.0,0.0,1.0,1.0,20,2.1384702156239528e-05,6.303730093396663e-05,0.0,0.00026487450218691717,20,0.03700614941691653,0.034800442596011075,6.07416752835821e-05,0.10323226173316802,20,745.75,19.611690927929484,711.0,791.0,20,745.75,19.611690927929484,711.0,791.0,20,1.7903896273328743,0.062018491164621874,1.66939319740251,1.90842937732844,20,745.75,19.611690927929484,711.0,791.0,20,1.7903896273328743,0.062018491164621874,1.66939319740251,1.90842937732844,20,745.75,19.611690927929484,711.0,791.0,20,1.7903896273328743,0.062018491164621874,1.66939319740251,1.90842937732844,20
chain,nlg,effect_modifying,L0,1,20,179.4,19.55128209552886,134.0,215.0,20,179.4,19.55128209552886,134.0,215.0,20,0.4213751057103372,0.018490139225649883,0.3789548759280715,0.450389000138957,20,0.4213751057103372,0.018490139225649883,0.3789548759280715,0.450389000138957,20,1.0,0.0,1.0,1.0,20,1.0,0.0,1.0,1.0,20,0.024006668585816866,0.014001973930431993,0.0020842271674118827,0.06117308899347969,20,0.07405290598868106,0.013530228394567289,0.04836673672911529,0.09540006431757997,20,179.4,19.55128209552886,134.0,215.0,20,179.4,19.55128209552886,134.0,215.0,20,0.4213751057103372,0.018490139225649883,0.3789548759280715,0.450389000138957,20,179.4,19.55128209552886,134.0,215.0,20,0.4213751057103372,0.018490139225649883,0.3789548759280715,0.450389000138957,20,179.4,19.55128209552886,134.0,215.0,20,0.4213751057103372,0.018490139225649883,0.3789548759280715,0.450389000138957,20
chain,nlg,effect_modifying,L1-oracle,-1,20,745.75,19.611690927929484,711.0,791.0,20,600.45,237.8868539099164,20.0,770.0,20,1.7526845749107267,0.08357038111339439,1.57653562826797,1.8926975615564667,20,1.7526845749107267,0.08357038111339439,1.57653562826797,1.8926975615564667,20,0.8049844866112137,0.3189964830687491,0.0273224043715847,1.0,20,1.0,0.0,1.0,1.0,20,0.028475991875007396,0.029953776890432098,5.287226346091515e-05,0.11233664458103189,20,-0.0006989030052316659,0.026359297114617184,-0.06470459528230865,0.052162388141402394,20,745.75,19.611690927929484,711.0,791.0,20,745.75,19.611690927929484,711.0,791.0,20,1.7526845749107267,0.08357038111339439,1.57653562826797,1.8926975615564667,20,745.75,19.611690927929484,711.0,791.0,20,1.7526845749107267,0.08357038111339439,1.57653562826797,1.8926975615564667,20,600.45,237.8868539099164,20.0,770.0,20,1.7062099881041284,0.199013760313436,1.0051352055748082,1.8926975615564667,20
chain,nlg,effect_modifying,L1-oracle,1,20,179.4,19.55128209552886,134.0,215.0,20,174.45,19.038672554345247,133.0,215.0,20,0.34973473699581614,0.018561889363717998,0.3129661804017581,0.3761767484469608,20,0.34973473699581614,0.018561889363717998,0.3129661804017581,0.3761767484469608,20,0.9731372298350409,0.03508101893123582,0.8810810810810811,1.0,20,1.0,0.0,1.0,1.0,20,0.013758568450648743,0.006645698830478589,0.002612588913631082,0.02488685694328963,20,0.00241253727415999,0.0072818621483746486,-0.007821583787284925,0.01630708803554587,20,179.4,19.55128209552886,134.0,215.0,20,179.4,19.55128209552886,134.0,215.0,20,0.34973473699581614,0.018561889363717998,0.3129661804017581,0.3761767484469608,20,179.4,19.55128209552886,134.0,215.0,20,0.34973473699581614,0.018561889363717998,0.3129661804017581,0.3761767484469608,20,174.45,19.038672554345247,133.0,215.0,20,0.34495289915425753,0.017790619970297763,0.31234856274375644,0.3761767484469608,20
chain,nlg,effect_modifying,L2,-1,20,745.75,19.611690927929484,711.0,791.0,20,745.75,19.611690927929484,711.0,791.0,20,1.7533834779159583,0.08313444224461812,1.566160935669342,1.888934267309182,20,1.7533834779159583,0.08313444224461812,1.566160935669342,1.888934267309182,20,1.0,0.0,1.0,1.0,20,1.0,0.0,1.0,1.0,20,0.0,0.0,0.0,0.0,20,,,,,0,745.75,19.611690927929484,711.0,791.0,20,745.75,19.611690927929484,711.0,791.0,20,1.7533834779159583,0.08313444224461812,1.566160935669342,1.888934267309182,20,,,,,0,,,,,0,745.75,19.611690927929484,711.0,791.0,20,1.7533834779159583,0.08313444224461812,1.566160935669342,1.888934267309182,20
chain,nlg,effect_modifying,L2,1,20,179.4,19.55128209552886,134.0,215.0,20,179.4,19.55128209552886,134.0,215.0,20,0.3473221997216562,0.020200292656298025,0.30904899304242883,0.38049911895245475,20,0.3473221997216562,0.020200292656298025,0.30904899304242883,0.38049911895245475,20,1.0,0.0,1.0,1.0,20,1.0,0.0,1.0,1.0,20,0.0,0.0,0.0,0.0,20,,,,,0,179.4,19.55128209552886,134.0,215.0,20,179.4,19.55128209552886,134.0,215.0,20,0.3473221997216562,0.020200292656298025,0.30904899304242883,0.38049911895245475,20,,,,,0,,,,,0,179.4,19.55128209552886,134.0,215.0,20,0.3473221997216562,0.020200292656298025,0.30904899304242883,0.38049911895245475,20
