topology,family,regime,n_seeds_evaluated_for_gate,mean,sd,abs_mean_over_sd,cond_i_sign_consistent,cond_i_magnitude,cond_i_pass,delta_S,delta_S_identical_across_seeds,cond_ii_pass,cond_ii_note,gate_pass,source_record
triangle,linear,additive,6,3.727707073163194,0.05884871719111904,63.34389687810813,True,True,True,0.0,True,True,N/A (additive control: Delta S flat by construction),True,results/cross_seed_N6/summary/t4c_detectability_gate.md
triangle,linear,effect_modifying,6,2.957300575241721,0.09712414341148627,30.44866571139282,True,True,True,-0.6000000000000001,True,True,sign unambiguous,True,results/cross_seed_N6/summary/t4c_detectability_gate.md
triangle,nlg,additive,6,3.340270886518925,0.05663009567516385,58.98402336593369,True,True,True,0.0019825488855611,True,True,N/A (additive control: Delta S flat by construction),True,results/cross_seed_N6/summary/t4c_detectability_gate.md
triangle,nlg,effect_modifying,6,2.2392802433813075,0.0397872412287417,56.28136493574441,True,True,True,-0.1853350648685206,True,True,sign unambiguous,True,results/cross_seed_N6/summary/t4c_detectability_gate.md
collider,linear,additive,6,4.788192586655663,0.19136764368175804,25.020909985276123,True,True,True,0.0,True,True,N/A (additive control: Delta S flat by construction),True,results/cross_seed_N6/summary/t4c_detectability_gate.md
collider,linear,effect_modifying,6,5.272315610410799,0.30884180977623976,17.071249563751312,True,True,True,-0.4048816324922101,True,True,sign unambiguous,True,results/cross_seed_N6/summary/t4c_detectability_gate.md
collider,nlg,additive,6,1.8113789698169291,0.08245139817408595,21.9690509794925,True,True,True,0.0004974895678336,True,True,N/A (additive control: Delta S flat by construction),True,results/cross_seed_N6/summary/t4c_detectability_gate.md
collider,nlg,effect_modifying,6,2.000188787448868,0.1149989202179334,17.393109288837916,True,True,True,-0.2991588371330897,True,True,sign unambiguous,True,results/cross_seed_N6/summary/t4c_detectability_gate.md
chain,linear,additive,6,2.3022313516797936,0.07913282484276636,29.093253731990888,True,True,True,0.0,True,True,N/A (additive control: Delta S flat by construction),True,results/cross_seed_N20/summary/chain_detectability_gate.md
chain,linear,effect_modifying,6,2.309342864009083,0.10023189573205614,23.039999863741073,True,True,True,-0.4769725190907938,True,True,sign unambiguous,True,results/cross_seed_N20/summary/chain_detectability_gate.md
chain,nlg,additive,6,1.4239748285713254,0.039646082885668364,35.91716318300079,True,True,True,0.0017708890178396,True,True,N/A (additive control: Delta S flat by construction),True,results/cross_seed_N20/summary/chain_detectability_gate.md
chain,nlg,effect_modifying,6,1.449895492213229,0.04199364739817333,34.52654346657913,True,True,True,-0.3422275358935965,True,True,sign unambiguous,True,results/cross_seed_N20/summary/chain_detectability_gate.md
