topology,family,regime,condition,delta_S,n_seeds,mean_ddB,sd_ddB,min_ddB,max_ddB,n_seeds_neg,n_seeds_pos,n_seeds_zero,n_seeds_sign_agree,sign_gate_pass,gate_detail,control_read
triangle,linear,additive,L1-oracle,0.0,20,0.007167684564295384,0.02869252535964666,-0.04249222705342515,0.07245280625529793,9,11,0,0,,,"ABSENCE (flat within seed noise): 9 negative / 11 positive, 9 crossing(s)"
triangle,linear,additive,L0,0.0,20,0.1814626216046835,0.10210094157507651,-0.0033053178209800915,0.343793710082951,2,18,0,0,,,"ATTENUATION-CANDIDATE (non-flat): 18/20 seeds positive, 2 crossing(s)"
triangle,linear,effect_modifying,L1-oracle,-0.6000000000000001,20,-0.0030648410760373223,0.007830524977307029,-0.0159165377021655,0.01015603869891979,13,6,1,13,False,13/20 (need ≥16),
triangle,linear,effect_modifying,L0,-0.6000000000000001,20,-0.211892842831484,0.010395204699964432,-0.22889184341086155,-0.18944215826039745,20,0,0,20,True,20/20 (need ≥16),
triangle,nlg,additive,L1-oracle,0.0019825488855611806,20,0.00017666165721559325,0.0009593548176974385,-0.0007211137044259575,0.003678789185444953,10,9,1,9,,,"ABSENCE (flat within seed noise): 10 negative / 9 positive, 9 crossing(s)"
triangle,nlg,additive,L0,0.0019825488855611806,20,-0.0012179681589204795,0.000526364951334859,-0.002620970326255745,-0.0003341292343386204,20,0,0,0,,,"ATTENUATION-CANDIDATE (non-flat): 20/20 seeds negative, 0 crossing(s)"
triangle,nlg,effect_modifying,L1-oracle,-0.18533506486852064,20,5.9396091499741566e-05,0.005910202952307489,-0.012713104236264927,0.0130622867058805,9,10,1,9,False,9/20 (need ≥16),
triangle,nlg,effect_modifying,L0,-0.18533506486852064,20,-0.018525326873199167,0.003647786159349533,-0.02415719553981499,-0.011352797200742892,20,0,0,20,True,20/20 (need ≥16),
collider,linear,additive,L1-oracle,0.0,20,0.018732230659545795,0.07667161086373117,-0.11511614973542939,0.15938006579363206,9,11,0,0,,,"ABSENCE (flat within seed noise): 9 negative / 11 positive, 9 crossing(s)"
collider,linear,additive,L0,0.0,20,0.8942203336317105,0.20853902110015146,0.3208213062383928,1.0813299826583551,0,20,0,0,,,"ATTENUATION-CANDIDATE (non-flat): 20/20 seeds positive, 0 crossing(s)"
collider,linear,effect_modifying,L1-oracle,-0.4048816324922101,20,0.029079707248135606,0.07867817606380922,-0.1157717677978809,0.2190254429242543,7,13,0,7,False,7/20 (need ≥16),
collider,linear,effect_modifying,L0,-0.4048816324922101,20,0.2969941673032903,0.23768431734351605,-0.152082729311102,0.6098673727223565,4,16,0,4,False,4/20 (need ≥16),
collider,nlg,additive,L1-oracle,0.0004974895678336866,20,0.019494833504892176,0.0895972407696794,-0.12398709639277011,0.20088889353606942,8,12,0,12,,,"ABSENCE (flat within seed noise): 8 negative / 12 positive, 8 crossing(s)"
collider,nlg,additive,L0,0.0004974895678336866,20,0.3779996293462339,0.06207419430671292,0.20422319676501544,0.43182109458563983,0,20,0,20,,,"ATTENUATION-CANDIDATE (non-flat): 20/20 seeds positive, 0 crossing(s)"
collider,nlg,effect_modifying,L1-oracle,-0.29915883713308977,20,0.023555209518460442,0.10818573197352002,-0.24977390034949076,0.2813781244485303,8,12,0,8,False,8/20 (need ≥16),
collider,nlg,effect_modifying,L0,-0.29915883713308977,20,0.1479382646143126,0.08308824965820824,-0.047935247095713285,0.25657817509219905,1,19,0,1,False,1/20 (need ≥16),
chain,linear,additive,L1-oracle,0.0,20,0.0028408368329451484,0.02949193128563734,-0.04623603979675084,0.07256055898229485,11,9,0,0,,,"ABSENCE (flat within seed noise): 11 negative / 9 positive, 9 crossing(s)"
chain,linear,additive,L0,0.0,20,0.10599036696174624,0.05430792984089949,-0.008917276373387795,0.19610637100285017,1,19,0,0,,,"ATTENUATION-CANDIDATE (non-flat): 19/20 seeds positive, 1 crossing(s)"
chain,linear,effect_modifying,L1-oracle,-0.47697251909079386,20,-0.0033771408607391196,0.027053395739462683,-0.06034406549574778,0.04827923217952901,11,9,0,11,False,11/20 (need ≥16),
chain,linear,effect_modifying,L0,-0.47697251909079386,20,-0.0025185062912064073,0.07796191727297949,-0.08140648863712985,0.17794066594930869,11,9,0,11,False,11/20 (need ≥16),
chain,nlg,additive,L1-oracle,0.0017708890178396164,20,0.0013324832954339561,0.023933294719394777,-0.04843171424718684,0.05079044946797823,8,12,0,12,,,"ABSENCE (flat within seed noise): 8 negative / 12 positive, 8 crossing(s)"
chain,nlg,additive,L0,0.0017708890178396164,20,0.04835053329884309,0.024991119245124403,-0.001473321688553464,0.10090837271941272,1,19,0,19,,,"ATTENUATION-CANDIDATE (non-flat): 19/20 seeds positive, 1 crossing(s)"
chain,nlg,effect_modifying,L1-oracle,-0.34222753589359656,20,-0.0031114402793916557,0.023281550915649395,-0.058024129376209044,0.03633935893889523,10,10,0,10,False,10/20 (need ≥16),
chain,nlg,effect_modifying,L0,-0.34222753589359656,20,-0.03704675657176453,0.02944029527237623,-0.07474658893986108,0.03090069304288584,18,2,0,18,True,18/20 (need ≥16),
