topology,family,regime,seed_idx,seed,condition,ddB,N_common_found_neg,N_common_found_pos
triangle,linear,additive,0,3134173889,L1-oracle,0.05210336374718505,2004,411
triangle,linear,additive,0,3134173889,L0,0.16546559195364707,2004,411
triangle,linear,additive,1,3888140183,L1-oracle,0.004901328710838593,1980,410
triangle,linear,additive,1,3888140183,L0,0.20960372283597106,1980,410
triangle,linear,additive,2,242446310,L1-oracle,-0.0035045606180359457,1974,456
triangle,linear,additive,2,242446310,L0,0.11925618241222724,1974,456
triangle,linear,additive,3,1421188080,L1-oracle,-0.007815839076902864,1986,426
triangle,linear,additive,3,1421188080,L0,0.28790029402568906,1986,426
triangle,linear,additive,4,2507512415,L1-oracle,0.030315303926218617,2031,399
triangle,linear,additive,4,2507512415,L0,0.16298043068460888,2031,399
triangle,linear,additive,5,2830493979,L1-oracle,0.07245280625529793,2031,370
triangle,linear,additive,5,2830493979,L0,0.07569992981506335,2031,370
triangle,linear,additive,6,1162261060,L1-oracle,0.021939637435463455,2026,393
triangle,linear,additive,6,1162261060,L0,0.027356545419732647,2026,393
triangle,linear,additive,7,3312119525,L1-oracle,-0.03489122331382688,2008,414
triangle,linear,additive,7,3312119525,L0,0.14706106413570652,2008,414
triangle,linear,additive,8,3527135551,L1-oracle,-0.0035663825323161147,2011,402
triangle,linear,additive,8,3527135551,L0,0.21533907979823075,2011,402
triangle,linear,additive,9,2727678368,L1-oracle,0.002919762077914667,1974,418
triangle,linear,additive,9,2727678368,L0,0.343793710082951,1974,418
triangle,linear,additive,10,2186263937,L1-oracle,-0.02552834984508734,1976,488
triangle,linear,additive,10,2186263937,L0,0.13614718261878622,1976,488
triangle,linear,additive,11,3073006032,L1-oracle,-0.014793220595124668,2034,431
triangle,linear,additive,11,3073006032,L0,0.21457622822238087,2034,431
triangle,linear,additive,12,2400372293,L1-oracle,0.03421739825602543,1988,436
triangle,linear,additive,12,2400372293,L0,0.30689072055283684,1988,436
triangle,linear,additive,13,14143617,L1-oracle,0.018161567706646675,1992,439
triangle,linear,additive,13,14143617,L0,0.22840092397094958,1992,439
triangle,linear,additive,14,1350438117,L1-oracle,0.0005082171354887643,1999,423
triangle,linear,additive,14,1350438117,L0,-0.0033053178209800915,1999,423
triangle,linear,additive,15,801569728,L1-oracle,-0.0006505080837877486,2016,415
triangle,linear,additive,15,801569728,L0,-0.0020371043676212786,2016,415
triangle,linear,additive,16,3819681627,L1-oracle,-0.04249222705342515,1995,456
triangle,linear,additive,16,3819681627,L0,0.275150381213067,1995,456
triangle,linear,additive,17,2774431793,L1-oracle,-0.01614461228655728,2024,410
triangle,linear,additive,17,2774431793,L0,0.24375450939142118,2024,410
triangle,linear,additive,18,794650984,L1-oracle,0.025866468515068464,2020,382
triangle,linear,additive,18,794650984,L0,0.16688714481853606,2020,382
triangle,linear,additive,19,3338799195,L1-oracle,0.02935476092482403,1966,455
triangle,linear,additive,19,3338799195,L0,0.30833121233046634,1966,455
triangle,linear,effect_modifying,0,3134173889,L1-oracle,-0.0159165377021655,2003,589
triangle,linear,effect_modifying,0,3134173889,L0,-0.21294077118559784,2003,589
triangle,linear,effect_modifying,1,3888140183,L1-oracle,0.0020814493866173622,1979,540
triangle,linear,effect_modifying,1,3888140183,L0,-0.21161454889424414,1979,540
triangle,linear,effect_modifying,2,242446310,L1-oracle,-0.003763414940048726,1973,623
triangle,linear,effect_modifying,2,242446310,L0,-0.2161791331091737,1973,623
triangle,linear,effect_modifying,3,1421188080,L1-oracle,-0.007127728012775836,1984,580
triangle,linear,effect_modifying,3,1421188080,L0,-0.18944215826039745,1984,580
triangle,linear,effect_modifying,4,2507512415,L1-oracle,-0.002543869337914728,2030,576
triangle,linear,effect_modifying,4,2507512415,L0,-0.2099449265837554,2030,576
triangle,linear,effect_modifying,5,2830493979,L1-oracle,-0.0026844575501776546,2030,526
triangle,linear,effect_modifying,5,2830493979,L0,-0.20074835991964168,2030,526
triangle,linear,effect_modifying,6,1162261060,L1-oracle,-0.014742289382391416,2025,543
triangle,linear,effect_modifying,6,1162261060,L0,-0.20649151964091583,2025,543
triangle,linear,effect_modifying,7,3312119525,L1-oracle,-0.009394995113945037,2006,579
triangle,linear,effect_modifying,7,3312119525,L0,-0.21091502431902998,2006,579
triangle,linear,effect_modifying,8,3527135551,L1-oracle,-0.006510335304561132,2011,546
triangle,linear,effect_modifying,8,3527135551,L0,-0.20947315794125965,2011,546
triangle,linear,effect_modifying,9,2727678368,L1-oracle,-0.012401234508008119,1971,576
triangle,linear,effect_modifying,9,2727678368,L0,-0.2004737755979703,1971,576
triangle,linear,effect_modifying,10,2186263937,L1-oracle,0.004572571043719664,1976,620
triangle,linear,effect_modifying,10,2186263937,L0,-0.22889184341086155,1976,620
triangle,linear,effect_modifying,11,3073006032,L1-oracle,-0.0048099589197850845,2032,559
triangle,linear,effect_modifying,11,3073006032,L0,-0.21932738141386388,2032,559
triangle,linear,effect_modifying,12,2400372293,L1-oracle,-0.0011574506479461455,1984,584
triangle,linear,effect_modifying,12,2400372293,L0,-0.22296425440382317,1984,584
triangle,linear,effect_modifying,13,14143617,L1-oracle,0.0,1991,573
triangle,linear,effect_modifying,13,14143617,L0,-0.22712200056299814,1991,573
triangle,linear,effect_modifying,14,1350438117,L1-oracle,0.00932330803241288,1998,598
triangle,linear,effect_modifying,14,1350438117,L0,-0.2116608866436417,1998,598
triangle,linear,effect_modifying,15,801569728,L1-oracle,-0.013888418482149056,2013,560
triangle,linear,effect_modifying,15,801569728,L0,-0.21545060475966527,2013,560
triangle,linear,effect_modifying,16,3819681627,L1-oracle,0.009119004201139314,1995,583
triangle,linear,effect_modifying,16,3819681627,L0,-0.2280789056942446,1995,583
triangle,linear,effect_modifying,17,2774431793,L1-oracle,0.01015603869891979,2024,579
triangle,linear,effect_modifying,17,2774431793,L0,-0.19618094784803297,2024,579
triangle,linear,effect_modifying,18,794650984,L1-oracle,-0.0018065440554334566,2020,556
triangle,linear,effect_modifying,18,794650984,L0,-0.20803491934398355,2020,556
triangle,linear,effect_modifying,19,3338799195,L1-oracle,0.00019804107374643554,1966,568
triangle,linear,effect_modifying,19,3338799195,L0,-0.21192173709657924,1966,568
triangle,nlg,additive,0,3134173889,L1-oracle,-0.0005470293484984845,2004,399
triangle,nlg,additive,0,3134173889,L0,-0.0011921278787384582,2004,399
triangle,nlg,additive,1,3888140183,L1-oracle,0.0003018729796077091,1980,372
triangle,nlg,additive,1,3888140183,L0,-0.000980024407316371,1980,372
triangle,nlg,additive,2,242446310,L1-oracle,0.0,1974,432
triangle,nlg,additive,2,242446310,L0,-0.001123887127397638,1974,432
triangle,nlg,additive,3,1421188080,L1-oracle,0.0006195446238551616,1985,398
triangle,nlg,additive,3,1421188080,L0,-0.001466687272300482,1985,398
triangle,nlg,additive,4,2507512415,L1-oracle,-0.00047070649124658637,2031,368
triangle,nlg,additive,4,2507512415,L0,-0.0017323539880012007,2031,368
triangle,nlg,additive,5,2830493979,L1-oracle,-0.0003630282980829902,2031,347
triangle,nlg,additive,5,2830493979,L0,-0.0008882002080468077,2031,347
triangle,nlg,additive,6,1162261060,L1-oracle,-0.00020330406067359252,2026,363
triangle,nlg,additive,6,1162261060,L0,-0.001027789941827284,2026,363
triangle,nlg,additive,7,3312119525,L1-oracle,1.4485606199654555e-05,2007,380
triangle,nlg,additive,7,3312119525,L0,-0.0009226116744148749,2007,380
triangle,nlg,additive,8,3527135551,L1-oracle,-0.0007211137044259575,2011,359
triangle,nlg,additive,8,3527135551,L0,-0.0016798666866090217,2011,359
triangle,nlg,additive,9,2727678368,L1-oracle,0.0006512705878589653,1974,400
triangle,nlg,additive,9,2727678368,L0,-0.002620970326255745,1974,400
triangle,nlg,additive,10,2186263937,L1-oracle,0.0010024497498767326,1976,473
triangle,nlg,additive,10,2186263937,L0,-0.0006469364085430751,1976,473
triangle,nlg,additive,11,3073006032,L1-oracle,-0.0005906040608875118,2034,397
triangle,nlg,additive,11,3073006032,L0,-0.0009796347414202655,2034,397
triangle,nlg,additive,12,2400372293,L1-oracle,-0.0005470503876491284,1988,403
triangle,nlg,additive,12,2400372293,L0,-0.0009928700142284308,1988,403
triangle,nlg,additive,13,14143617,L1-oracle,0.0008076333734529095,1992,415
triangle,nlg,additive,13,14143617,L0,-0.0016973675498349605,1992,415
triangle,nlg,additive,14,1350438117,L1-oracle,0.00012477575648750516,1999,391
triangle,nlg,additive,14,1350438117,L0,-0.0006731629996524768,1999,391
triangle,nlg,additive,15,801569728,L1-oracle,-4.393640036681745e-05,2015,401
triangle,nlg,additive,15,801569728,L0,-0.0003341292343386204,2015,401
triangle,nlg,additive,16,3819681627,L1-oracle,0.003678789185444953,1995,428
triangle,nlg,additive,16,3819681627,L0,-0.002003037436284494,1995,428
triangle,nlg,additive,17,2774431793,L1-oracle,0.0002338171342896045,2024,389
triangle,nlg,additive,17,2774431793,L0,-0.000905186237107336,2024,389
triangle,nlg,additive,18,794650984,L1-oracle,-0.0001858085456516445,2020,372
triangle,nlg,additive,18,794650984,L0,-0.001230266843293415,2020,372
triangle,nlg,additive,19,3338799195,L1-oracle,-0.00022882455527861723,1966,427
triangle,nlg,additive,19,3338799195,L0,-0.0012622522027986305,1966,427
triangle,nlg,effect_modifying,0,3134173889,L1-oracle,-0.005729349183749566,1995,529
triangle,nlg,effect_modifying,0,3134173889,L0,-0.019720329949991733,1995,529
triangle,nlg,effect_modifying,1,3888140183,L1-oracle,0.00022479653375462316,1974,500
triangle,nlg,effect_modifying,1,3888140183,L0,-0.01796885115913871,1974,500
triangle,nlg,effect_modifying,2,242446310,L1-oracle,-0.0006843905003760531,1969,576
triangle,nlg,effect_modifying,2,242446310,L0,-0.017557908183798432,1969,576
triangle,nlg,effect_modifying,3,1421188080,L1-oracle,-0.008632051067986146,1981,541
triangle,nlg,effect_modifying,3,1421188080,L0,-0.022896031980076836,1981,541
triangle,nlg,effect_modifying,4,2507512415,L1-oracle,0.0034918834966195522,2026,508
triangle,nlg,effect_modifying,4,2507512415,L0,-0.018039151531981323,2026,508
triangle,nlg,effect_modifying,5,2830493979,L1-oracle,0.005929360144648177,2024,511
triangle,nlg,effect_modifying,5,2830493979,L0,-0.016859375341862215,2024,511
triangle,nlg,effect_modifying,6,1162261060,L1-oracle,-0.0017709977598028281,2020,538
triangle,nlg,effect_modifying,6,1162261060,L0,-0.015444386323160031,2020,538
triangle,nlg,effect_modifying,7,3312119525,L1-oracle,-0.005746750441934845,1996,556
triangle,nlg,effect_modifying,7,3312119525,L0,-0.013286387419189527,1996,556
triangle,nlg,effect_modifying,8,3527135551,L1-oracle,0.00021626549496633896,2001,516
triangle,nlg,effect_modifying,8,3527135551,L0,-0.022310780327878477,2001,516
triangle,nlg,effect_modifying,9,2727678368,L1-oracle,-0.012713104236264927,1966,515
triangle,nlg,effect_modifying,9,2727678368,L0,-0.023677727637634427,1966,515
triangle,nlg,effect_modifying,10,2186263937,L1-oracle,-9.660904507358126e-05,1972,609
triangle,nlg,effect_modifying,10,2186263937,L0,-0.015258929664140553,1972,609
triangle,nlg,effect_modifying,11,3073006032,L1-oracle,-0.0028046540483495086,2029,545
triangle,nlg,effect_modifying,11,3073006032,L0,-0.015150302201234034,2029,545
triangle,nlg,effect_modifying,12,2400372293,L1-oracle,0.0030601099921864217,1979,531
triangle,nlg,effect_modifying,12,2400372293,L0,-0.02374259779491683,1979,531
triangle,nlg,effect_modifying,13,14143617,L1-oracle,0.0007251903909433199,1982,534
triangle,nlg,effect_modifying,13,14143617,L0,-0.020282606803641134,1982,534
triangle,nlg,effect_modifying,14,1350438117,L1-oracle,0.0059491072024113745,1993,547
triangle,nlg,effect_modifying,14,1350438117,L0,-0.011352797200742892,1993,547
triangle,nlg,effect_modifying,15,801569728,L1-oracle,-0.003967495171829705,2006,535
triangle,nlg,effect_modifying,15,801569728,L0,-0.01505475138669321,2006,535
triangle,nlg,effect_modifying,16,3819681627,L1-oracle,0.0130622867058805,1993,555
triangle,nlg,effect_modifying,16,3819681627,L0,-0.02415719553981499,1993,555
triangle,nlg,effect_modifying,17,2774431793,L1-oracle,0.002670794212065286,2016,520
triangle,nlg,effect_modifying,17,2774431793,L0,-0.018490347748661096,2016,520
triangle,nlg,effect_modifying,18,794650984,L1-oracle,0.0,2014,531
triangle,nlg,effect_modifying,18,794650984,L0,-0.019306128175634374,2014,531
triangle,nlg,effect_modifying,19,3338799195,L1-oracle,0.008003529111886398,1961,529
triangle,nlg,effect_modifying,19,3338799195,L0,-0.019949951093792495,1961,529
collider,linear,additive,0,3134173889,L1-oracle,0.04892552445791165,761,104
collider,linear,additive,0,3134173889,L0,1.037583730905405,761,104
collider,linear,additive,1,3888140183,L1-oracle,0.08790375864517885,717,132
collider,linear,additive,1,3888140183,L0,1.076840872470242,717,132
collider,linear,additive,2,242446310,L1-oracle,-0.07815708500073093,743,137
collider,linear,additive,2,242446310,L0,1.0303175640711264,743,137
collider,linear,additive,3,1421188080,L1-oracle,-0.11511614973542939,732,132
collider,linear,additive,3,1421188080,L0,1.0622680551685653,732,132
collider,linear,additive,4,2507512415,L1-oracle,-0.0464262526410133,745,116
collider,linear,additive,4,2507512415,L0,0.6040079369320248,745,116
collider,linear,additive,5,2830493979,L1-oracle,0.041906407592206096,732,161
collider,linear,additive,5,2830493979,L0,0.9510468810204196,732,161
collider,linear,additive,6,1162261060,L1-oracle,0.14767800107255302,752,100
collider,linear,additive,6,1162261060,L0,0.986847207728973,752,100
collider,linear,additive,7,3312119525,L1-oracle,-1.8136422808012753e-05,758,115
collider,linear,additive,7,3312119525,L0,0.3208213062383928,758,115
collider,linear,additive,8,3527135551,L1-oracle,-0.011742757593789288,791,93
collider,linear,additive,8,3527135551,L0,1.0194954070963065,791,93
collider,linear,additive,9,2727678368,L1-oracle,0.04123336273889766,711,150
collider,linear,additive,9,2727678368,L0,1.0373264319725797,711,150
collider,linear,additive,10,2186263937,L1-oracle,0.041672260491184,730,133
collider,linear,additive,10,2186263937,L0,0.6683185003046939,730,133
collider,linear,additive,11,3073006032,L1-oracle,-0.07395055522474481,726,174
collider,linear,additive,11,3073006032,L0,1.0813299826583551,726,174
collider,linear,additive,12,2400372293,L1-oracle,-0.022867669594219264,731,141
collider,linear,additive,12,2400372293,L0,1.034704043504246,731,141
collider,linear,additive,13,14143617,L1-oracle,0.05767140693898376,752,126
collider,linear,additive,13,14143617,L0,0.7874585120766137,752,126
collider,linear,additive,14,1350438117,L1-oracle,0.041665824200669555,732,143
collider,linear,additive,14,1350438117,L0,1.0496002931578414,732,143
collider,linear,additive,15,801569728,L1-oracle,0.13176459556827957,770,80
collider,linear,additive,15,801569728,L0,0.9914225056045741,770,80
collider,linear,additive,16,3819681627,L1-oracle,0.15938006579363206,759,84
collider,linear,additive,16,3819681627,L0,0.9419632694862652,759,84
collider,linear,additive,17,2774431793,L1-oracle,-0.05530382644491505,761,107
collider,linear,additive,17,2774431793,L0,0.7080427683965473,761,107
collider,linear,additive,18,794650984,L1-oracle,-0.04837220727539093,764,104
collider,linear,additive,18,794650984,L0,0.8776321777410021,764,104
collider,linear,additive,19,3338799195,L1-oracle,0.026798045624460642,748,102
collider,linear,additive,19,3338799195,L0,0.6173792261000338,748,102
collider,linear,effect_modifying,0,3134173889,L1-oracle,0.10457980458778948,761,124
collider,linear,effect_modifying,0,3134173889,L0,0.2331402143486201,761,124
collider,linear,effect_modifying,1,3888140183,L1-oracle,0.07377485929513017,717,141
collider,linear,effect_modifying,1,3888140183,L0,0.5175817766239852,717,141
collider,linear,effect_modifying,2,242446310,L1-oracle,0.02036062542006678,743,151
collider,linear,effect_modifying,2,242446310,L0,0.46516847424060415,743,151
collider,linear,effect_modifying,3,1421188080,L1-oracle,-0.1157717677978809,732,149
collider,linear,effect_modifying,3,1421188080,L0,0.48769405063933213,732,149
collider,linear,effect_modifying,4,2507512415,L1-oracle,-0.07956061004650528,745,120
collider,linear,effect_modifying,4,2507512415,L0,0.24854481738976253,745,120
collider,linear,effect_modifying,5,2830493979,L1-oracle,-0.009166202531946332,732,164
collider,linear,effect_modifying,5,2830493979,L0,0.6098673727223565,732,164
collider,linear,effect_modifying,6,1162261060,L1-oracle,0.09885623712344949,752,111
collider,linear,effect_modifying,6,1162261060,L0,0.31828390675164864,752,111
collider,linear,effect_modifying,7,3312119525,L1-oracle,-0.0014019036973236254,758,114
collider,linear,effect_modifying,7,3312119525,L0,0.14902743436925392,758,114
collider,linear,effect_modifying,8,3527135551,L1-oracle,-0.04894042865958548,791,98
collider,linear,effect_modifying,8,3527135551,L0,0.38461607841201295,791,98
collider,linear,effect_modifying,9,2727678368,L1-oracle,0.04936957801987252,711,156
collider,linear,effect_modifying,9,2727678368,L0,0.3640924337471213,711,156
collider,linear,effect_modifying,10,2186263937,L1-oracle,0.02581927612976942,730,152
collider,linear,effect_modifying,10,2186263937,L0,-0.03922876250079388,730,152
collider,linear,effect_modifying,11,3073006032,L1-oracle,0.031032672832606467,726,170
collider,linear,effect_modifying,11,3073006032,L0,0.3154611951091738,726,170
collider,linear,effect_modifying,12,2400372293,L1-oracle,0.0163944580011941,731,161
collider,linear,effect_modifying,12,2400372293,L0,-0.04826318418733211,731,161
collider,linear,effect_modifying,13,14143617,L1-oracle,0.11567727000416184,752,135
collider,linear,effect_modifying,13,14143617,L0,-0.10806015558333171,752,135
collider,linear,effect_modifying,14,1350438117,L1-oracle,0.041867943681251796,732,142
collider,linear,effect_modifying,14,1350438117,L0,0.5714784181659736,732,142
collider,linear,effect_modifying,15,801569728,L1-oracle,0.2190254429242543,770,101
collider,linear,effect_modifying,15,801569728,L0,0.5736104923330164,770,101
collider,linear,effect_modifying,16,3819681627,L1-oracle,0.0625087340678192,759,99
collider,linear,effect_modifying,16,3819681627,L0,0.19287377430249175,759,99
collider,linear,effect_modifying,17,2774431793,L1-oracle,-0.09063852733015898,761,126
collider,linear,effect_modifying,17,2774431793,L0,-0.152082729311102,761,126
collider,linear,effect_modifying,18,794650984,L1-oracle,-0.01015836351457744,764,114
collider,linear,effect_modifying,18,794650984,L0,0.5417493758727852,764,114
collider,linear,effect_modifying,19,3338799195,L1-oracle,0.07796504645332458,748,110
collider,linear,effect_modifying,19,3338799195,L0,0.3143283626202278,748,110
collider,nlg,additive,0,3134173889,L1-oracle,0.08408724608477658,761,173
collider,nlg,additive,0,3134173889,L0,0.40392105384450966,761,173
collider,nlg,additive,1,3888140183,L1-oracle,0.08555094899713356,717,195
collider,nlg,additive,1,3888140183,L0,0.429286370900676,717,195
collider,nlg,additive,2,242446310,L1-oracle,-0.05202767850014445,743,179
collider,nlg,additive,2,242446310,L0,0.4038253812059057,743,179
collider,nlg,additive,3,1421188080,L1-oracle,-0.11967130778597118,732,188
collider,nlg,additive,3,1421188080,L0,0.41724463510315524,732,188
collider,nlg,additive,4,2507512415,L1-oracle,-0.12398709639277011,745,165
collider,nlg,additive,4,2507512415,L0,0.39331051696038477,745,165
collider,nlg,additive,5,2830493979,L1-oracle,0.041413932707421164,732,181
collider,nlg,additive,5,2830493979,L0,0.40383742162394287,732,181
collider,nlg,additive,6,1162261060,L1-oracle,0.11506450287724274,752,148
collider,nlg,additive,6,1162261060,L0,0.43158885572055816,752,148
collider,nlg,additive,7,3312119525,L1-oracle,0.00884677188995936,758,151
collider,nlg,additive,7,3312119525,L0,0.30352825133607064,758,151
collider,nlg,additive,8,3527135551,L1-oracle,-0.011644424827295996,791,140
collider,nlg,additive,8,3527135551,L0,0.41356954371147275,791,140
collider,nlg,additive,9,2727678368,L1-oracle,0.00994094679098112,711,210
collider,nlg,additive,9,2727678368,L0,0.43182109458563983,711,210
collider,nlg,additive,10,2186263937,L1-oracle,0.003365913030572376,730,179
collider,nlg,additive,10,2186263937,L0,0.3552785520657742,730,179
collider,nlg,additive,11,3073006032,L1-oracle,-0.07308471560775559,726,172
collider,nlg,additive,11,3073006032,L0,0.4263153809110285,726,172
collider,nlg,additive,12,2400372293,L1-oracle,-0.05363079157218287,730,186
collider,nlg,additive,12,2400372293,L0,0.20422319676501544,730,186
collider,nlg,additive,13,14143617,L1-oracle,0.030991121934674293,752,177
collider,nlg,additive,13,14143617,L0,0.3451438855852839,752,177
collider,nlg,additive,14,1350438117,L1-oracle,0.09421460323543945,732,207
collider,nlg,additive,14,1350438117,L0,0.2565929053135168,732,207
collider,nlg,additive,15,801569728,L1-oracle,0.17963812616925723,770,131
collider,nlg,additive,15,801569728,L0,0.4251695356031071,770,131
collider,nlg,additive,16,3819681627,L1-oracle,0.20088889353606942,759,142
collider,nlg,additive,16,3819681627,L0,0.40751235300405325,759,142
collider,nlg,additive,17,2774431793,L1-oracle,-0.04367484697203028,761,161
collider,nlg,additive,17,2774431793,L0,0.3357917936778611,761,161
collider,nlg,additive,18,794650984,L1-oracle,-0.04503996153328299,764,166
collider,nlg,additive,18,794650984,L0,0.3728683710385275,764,166
collider,nlg,additive,19,3338799195,L1-oracle,0.05865448603574969,748,148
collider,nlg,additive,19,3338799195,L0,0.3991634879681942,748,148
collider,nlg,effect_modifying,0,3134173889,L1-oracle,0.13854609723561534,761,180
collider,nlg,effect_modifying,0,3134173889,L0,0.16993255334317697,761,180
collider,nlg,effect_modifying,1,3888140183,L1-oracle,0.030559061484907224,717,193
collider,nlg,effect_modifying,1,3888140183,L0,0.18278932903674805,717,193
collider,nlg,effect_modifying,2,242446310,L1-oracle,0.035789050024003344,743,186
collider,nlg,effect_modifying,2,242446310,L0,0.22349369753281878,743,186
collider,nlg,effect_modifying,3,1421188080,L1-oracle,-0.1125049026484744,732,187
collider,nlg,effect_modifying,3,1421188080,L0,0.2217178393376809,732,187
collider,nlg,effect_modifying,4,2507512415,L1-oracle,-0.24977390034949076,745,172
collider,nlg,effect_modifying,4,2507512415,L0,0.1776390407416486,745,172
collider,nlg,effect_modifying,5,2830493979,L1-oracle,-0.05794454190644571,732,188
collider,nlg,effect_modifying,5,2830493979,L0,0.25657817509219905,732,188
collider,nlg,effect_modifying,6,1162261060,L1-oracle,0.10441355081604187,752,158
collider,nlg,effect_modifying,6,1162261060,L0,0.17018690010767373,752,158
collider,nlg,effect_modifying,7,3312119525,L1-oracle,-0.01250766730474645,758,160
collider,nlg,effect_modifying,7,3312119525,L0,0.19329142112552122,758,160
collider,nlg,effect_modifying,8,3527135551,L1-oracle,-0.0643197838580829,791,139
collider,nlg,effect_modifying,8,3527135551,L0,0.14449541775634733,791,139
collider,nlg,effect_modifying,9,2727678368,L1-oracle,-0.0036114213357648084,711,216
collider,nlg,effect_modifying,9,2727678368,L0,0.1778316528002818,711,216
collider,nlg,effect_modifying,10,2186263937,L1-oracle,-0.012709101216079544,730,182
collider,nlg,effect_modifying,10,2186263937,L0,0.06511456274325622,730,182
collider,nlg,effect_modifying,11,3073006032,L1-oracle,0.02720161513213193,726,184
collider,nlg,effect_modifying,11,3073006032,L0,0.18233789356286012,726,184
collider,nlg,effect_modifying,12,2400372293,L1-oracle,0.019354919535367165,731,184
collider,nlg,effect_modifying,12,2400372293,L0,-0.047935247095713285,731,184
collider,nlg,effect_modifying,13,14143617,L1-oracle,0.06021405153513493,752,181
collider,nlg,effect_modifying,13,14143617,L0,0.028066088879039053,752,181
collider,nlg,effect_modifying,14,1350438117,L1-oracle,0.06888741607256349,732,199
collider,nlg,effect_modifying,14,1350438117,L0,0.063531480930892,732,199
collider,nlg,effect_modifying,15,801569728,L1-oracle,0.2813781244485303,770,137
collider,nlg,effect_modifying,15,801569728,L0,0.21500267222928365,770,137
collider,nlg,effect_modifying,16,3819681627,L1-oracle,0.07559754956942122,759,153
collider,nlg,effect_modifying,16,3819681627,L0,0.030635772078913603,759,153
collider,nlg,effect_modifying,17,2774431793,L1-oracle,-0.024842966220167795,761,165
collider,nlg,effect_modifying,17,2774431793,L0,0.06920721402382307,761,165
collider,nlg,effect_modifying,18,794650984,L1-oracle,0.015516409742991621,764,152
collider,nlg,effect_modifying,18,794650984,L0,0.22639196982660204,764,152
collider,nlg,effect_modifying,19,3338799195,L1-oracle,0.15186062961175278,748,147
collider,nlg,effect_modifying,19,3338799195,L0,0.20845685823319887,748,147
chain,linear,additive,0,3134173889,L1-oracle,0.05033944930651629,761,143
chain,linear,additive,0,3134173889,L0,0.15110058978852092,761,143
chain,linear,additive,1,3888140183,L1-oracle,0.034591987664580603,717,160
chain,linear,additive,1,3888140183,L0,0.07453453006636951,717,160
chain,linear,additive,2,242446310,L1-oracle,-0.027286997728700968,743,177
chain,linear,additive,2,242446310,L0,0.09504569641194643,743,177
chain,linear,additive,3,1421188080,L1-oracle,-0.04623603979675084,732,166
chain,linear,additive,3,1421188080,L0,0.06823193407370132,732,166
chain,linear,additive,4,2507512415,L1-oracle,-0.014822525062722247,745,145
chain,linear,additive,4,2507512415,L0,0.14281910870933756,745,145
chain,linear,additive,5,2830493979,L1-oracle,0.02281332382182316,732,195
chain,linear,additive,5,2830493979,L0,0.14676362173786694,732,195
chain,linear,additive,6,1162261060,L1-oracle,-0.018468633893367892,752,138
chain,linear,additive,6,1162261060,L0,0.07264629645800419,752,138
chain,linear,additive,7,3312119525,L1-oracle,0.0011317516131693628,758,157
chain,linear,additive,7,3312119525,L0,0.10387710378787324,758,157
chain,linear,additive,8,3527135551,L1-oracle,0.012083780241436193,791,112
chain,linear,additive,8,3527135551,L0,0.102829184236916,791,112
chain,linear,additive,9,2727678368,L1-oracle,0.03289918769438571,711,191
chain,linear,additive,9,2727678368,L0,0.14038792347506002,711,191
chain,linear,additive,10,2186263937,L1-oracle,-0.021062594135490498,730,169
chain,linear,additive,10,2186263937,L0,-0.008917276373387795,730,169
chain,linear,additive,11,3073006032,L1-oracle,-0.022546349869443205,726,174
chain,linear,additive,11,3073006032,L0,0.15812180755846433,726,174
chain,linear,additive,12,2400372293,L1-oracle,0.012745915642239425,731,187
chain,linear,additive,12,2400372293,L0,0.006936738362606609,731,187
chain,linear,additive,13,14143617,L1-oracle,-0.0035090841793114502,752,157
chain,linear,additive,13,14143617,L0,0.07472760447373533,752,157
chain,linear,additive,14,1350438117,L1-oracle,0.02287544136876657,732,176
chain,linear,additive,14,1350438117,L0,0.1550685717028324,732,176
chain,linear,additive,15,801569728,L1-oracle,0.07256055898229485,770,133
chain,linear,additive,15,801569728,L0,0.14938010843519994,770,133
chain,linear,additive,16,3819681627,L1-oracle,-0.007590016430232438,759,128
chain,linear,additive,16,3819681627,L0,0.10134166540080125,759,128
chain,linear,additive,17,2774431793,L1-oracle,-0.014458909862408886,761,154
chain,linear,additive,17,2774431793,L0,0.03640859209431607,761,154
chain,linear,additive,18,794650984,L1-oracle,-0.023393075401992258,764,148
chain,linear,additive,18,794650984,L0,0.19610637100285017,764,148
chain,linear,additive,19,3338799195,L1-oracle,-0.005850433315888526,748,135
chain,linear,additive,19,3338799195,L0,0.1523971678319106,748,135
chain,linear,effect_modifying,0,3134173889,L1-oracle,-0.012958396358874358,761,165
chain,linear,effect_modifying,0,3134173889,L0,-0.08140648863712985,761,165
chain,linear,effect_modifying,1,3888140183,L1-oracle,0.002428169651729317,717,179
chain,linear,effect_modifying,1,3888140183,L0,-0.07881498349669303,717,179
chain,linear,effect_modifying,2,242446310,L1-oracle,-0.04810286797715768,743,200
chain,linear,effect_modifying,2,242446310,L0,0.06029820610168046,743,200
chain,linear,effect_modifying,3,1421188080,L1-oracle,-0.06034406549574778,732,199
chain,linear,effect_modifying,3,1421188080,L0,0.030784920134742988,732,199
chain,linear,effect_modifying,4,2507512415,L1-oracle,-0.03608806611984389,745,161
chain,linear,effect_modifying,4,2507512415,L0,0.07818814106820215,745,161
chain,linear,effect_modifying,5,2830493979,L1-oracle,0.03227697288438747,732,201
chain,linear,effect_modifying,5,2830493979,L0,0.10090457064200964,732,201
chain,linear,effect_modifying,6,1162261060,L1-oracle,0.027009942937447795,752,153
chain,linear,effect_modifying,6,1162261060,L0,-0.041030716610343465,752,153
chain,linear,effect_modifying,7,3312119525,L1-oracle,-0.00635166331172482,758,168
chain,linear,effect_modifying,7,3312119525,L0,0.10054266063332329,758,168
chain,linear,effect_modifying,8,3527135551,L1-oracle,-0.005500401512500697,791,113
chain,linear,effect_modifying,8,3527135551,L0,-0.04472859122088685,791,113
chain,linear,effect_modifying,9,2727678368,L1-oracle,-0.010246942892973232,711,203
chain,linear,effect_modifying,9,2727678368,L0,-0.07819076474128489,711,203
chain,linear,effect_modifying,10,2186263937,L1-oracle,0.009653782265454214,730,176
chain,linear,effect_modifying,10,2186263937,L0,-0.05330415173724301,730,176
chain,linear,effect_modifying,11,3073006032,L1-oracle,-0.02832566643809764,726,172
chain,linear,effect_modifying,11,3073006032,L0,-0.051385704148375955,726,172
chain,linear,effect_modifying,12,2400372293,L1-oracle,-2.3781399007716253e-05,731,196
chain,linear,effect_modifying,12,2400372293,L0,-0.07384862675753551,731,196
chain,linear,effect_modifying,13,14143617,L1-oracle,-0.0002250630639357709,752,168
chain,linear,effect_modifying,13,14143617,L0,-0.058358514204545076,752,168
chain,linear,effect_modifying,14,1350438117,L1-oracle,0.02518295844697277,732,190
chain,linear,effect_modifying,14,1350438117,L0,0.020054923766517796,732,190
chain,linear,effect_modifying,15,801569728,L1-oracle,0.04827923217952901,770,143
chain,linear,effect_modifying,15,801569728,L0,0.07780803495456884,770,143
chain,linear,effect_modifying,16,3819681627,L1-oracle,0.011999539632265466,759,145
chain,linear,effect_modifying,16,3819681627,L0,-0.07197919921255025,759,145
chain,linear,effect_modifying,17,2774431793,L1-oracle,0.00581745306936815,761,161
chain,linear,effect_modifying,17,2774431793,L0,-0.06588033526914489,761,161
chain,linear,effect_modifying,18,794650984,L1-oracle,-0.026415393269819232,764,161
chain,linear,effect_modifying,18,794650984,L0,0.17794066594930869,764,161
chain,linear,effect_modifying,19,3338799195,L1-oracle,0.004391439557746235,748,150
chain,linear,effect_modifying,19,3338799195,L0,0.002035826961250764,748,150
chain,nlg,additive,0,3134173889,L1-oracle,0.016200687885052356,761,167
chain,nlg,additive,0,3134173889,L0,0.061302616128797505,761,167
chain,nlg,additive,1,3888140183,L1-oracle,0.03600632386543867,717,172
chain,nlg,additive,1,3888140183,L0,0.046167954555604906,717,172
chain,nlg,additive,2,242446310,L1-oracle,-0.02415392233218977,743,188
chain,nlg,additive,2,242446310,L0,0.03039742995647038,743,188
chain,nlg,additive,3,1421188080,L1-oracle,-0.04843171424718684,732,192
chain,nlg,additive,3,1421188080,L0,0.05161417892609543,732,192
chain,nlg,additive,4,2507512415,L1-oracle,-0.04047508033046149,744,156
chain,nlg,additive,4,2507512415,L0,0.07581112387134598,744,156
chain,nlg,additive,5,2830493979,L1-oracle,0.019729552996793187,731,202
chain,nlg,additive,5,2830493979,L0,0.07399614270517774,731,202
chain,nlg,additive,6,1162261060,L1-oracle,-0.004107623834330831,752,148
chain,nlg,additive,6,1162261060,L0,0.009911692037495756,752,148
chain,nlg,additive,7,3312119525,L1-oracle,0.005047022757497521,758,170
chain,nlg,additive,7,3312119525,L0,0.08633559710453725,758,170
chain,nlg,additive,8,3527135551,L1-oracle,0.0071183097966026065,791,127
chain,nlg,additive,8,3527135551,L0,0.04889339463718573,791,127
chain,nlg,additive,9,2727678368,L1-oracle,0.010876324079322375,711,208
chain,nlg,additive,9,2727678368,L0,0.01703665893408285,711,208
chain,nlg,additive,10,2186263937,L1-oracle,0.0009798191478196383,730,178
chain,nlg,additive,10,2186263937,L0,-0.001473321688553464,730,178
chain,nlg,additive,11,3073006032,L1-oracle,-0.0118497775321455,726,180
chain,nlg,additive,11,3073006032,L0,0.04882119817619757,726,180
chain,nlg,additive,12,2400372293,L1-oracle,0.005704278416606867,731,195
chain,nlg,additive,12,2400372293,L0,0.050392965198850226,731,195
chain,nlg,additive,13,14143617,L1-oracle,-0.0033663529816855275,752,167
chain,nlg,additive,13,14143617,L0,0.04607469810718845,752,167
chain,nlg,additive,14,1350438117,L1-oracle,0.02647267677161491,732,177
chain,nlg,additive,14,1350438117,L0,0.04730552310460945,732,177
chain,nlg,additive,15,801569728,L1-oracle,0.05079044946797823,769,135
chain,nlg,additive,15,801569728,L0,0.03790162223294019,769,135
chain,nlg,additive,16,3819681627,L1-oracle,0.005809484835616718,758,148
chain,nlg,additive,16,3819681627,L0,0.02482956962325583,758,148
chain,nlg,additive,17,2774431793,L1-oracle,-0.009475878415300898,761,165
chain,nlg,additive,17,2774431793,L0,0.05145093347792462,761,165
chain,nlg,additive,18,794650984,L1-oracle,-0.023460335965971246,764,159
chain,nlg,additive,18,794650984,L0,0.10090837271941272,764,159
chain,nlg,additive,19,3338799195,L1-oracle,0.0072354215276081435,748,152
chain,nlg,additive,19,3338799195,L0,0.05933231616824258,748,152
chain,nlg,effect_modifying,0,3134173889,L1-oracle,-0.014596725940285105,761,170
chain,nlg,effect_modifying,0,3134173889,L0,-0.07474658893986108,761,170
chain,nlg,effect_modifying,1,3888140183,L1-oracle,0.011072281943338813,717,182
chain,nlg,effect_modifying,1,3888140183,L0,-0.051276232162625,717,182
chain,nlg,effect_modifying,2,242446310,L1-oracle,-0.03677641220898542,743,200
chain,nlg,effect_modifying,2,242446310,L0,-0.04292932309435893,743,200
chain,nlg,effect_modifying,3,1421188080,L1-oracle,-0.058024129376209044,732,210
chain,nlg,effect_modifying,3,1421188080,L0,-0.007438281309636141,732,210
chain,nlg,effect_modifying,4,2507512415,L1-oracle,-0.03443810022016153,745,174
chain,nlg,effect_modifying,4,2507512415,L0,-0.00825252013638933,745,174
chain,nlg,effect_modifying,5,2830493979,L1-oracle,0.022978031961936707,732,204
chain,nlg,effect_modifying,5,2830493979,L0,-0.0329478155828265,732,204
chain,nlg,effect_modifying,6,1162261060,L1-oracle,0.009591370059497895,752,168
chain,nlg,effect_modifying,6,1162261060,L0,-0.05847246768389358,752,168
chain,nlg,effect_modifying,7,3312119525,L1-oracle,0.00041907853429928865,758,175
chain,nlg,effect_modifying,7,3312119525,L0,0.00783219741558805,758,175
chain,nlg,effect_modifying,8,3527135551,L1-oracle,-0.0060652132319451435,791,134
chain,nlg,effect_modifying,8,3527135551,L0,-0.06013422110297845,791,134
chain,nlg,effect_modifying,9,2727678368,L1-oracle,-0.011051145526071005,711,215
chain,nlg,effect_modifying,9,2727678368,L0,-0.05694686194662196,711,215
chain,nlg,effect_modifying,10,2186263937,L1-oracle,0.007621230761942432,730,185
chain,nlg,effect_modifying,10,2186263937,L0,-0.06394768439937443,730,185
chain,nlg,effect_modifying,11,3073006032,L1-oracle,-0.017674165467409075,726,187
chain,nlg,effect_modifying,11,3073006032,L0,-0.060593300550862206,726,187
chain,nlg,effect_modifying,12,2400372293,L1-oracle,-0.0004919490909899848,731,196
chain,nlg,effect_modifying,12,2400372293,L0,-0.05877267621656024,731,196
chain,nlg,effect_modifying,13,14143617,L1-oracle,-1.2749899201525139e-05,752,173
chain,nlg,effect_modifying,13,14143617,L0,-0.05127158872905163,752,173
chain,nlg,effect_modifying,14,1350438117,L1-oracle,0.014864995463972352,732,184
chain,nlg,effect_modifying,14,1350438117,L0,-0.020615896859496163,732,184
chain,nlg,effect_modifying,15,801569728,L1-oracle,0.03633935893889523,770,149
chain,nlg,effect_modifying,15,801569728,L0,-0.00879559248606665,770,149
chain,nlg,effect_modifying,16,3819681627,L1-oracle,0.029036375771110456,759,166
chain,nlg,effect_modifying,16,3819681627,L0,-0.04879149354091844,759,166
chain,nlg,effect_modifying,17,2774431793,L1-oracle,0.00041675354890002847,761,172
chain,nlg,effect_modifying,17,2774431793,L0,-0.06776522591668294,761,172
chain,nlg,effect_modifying,18,794650984,L1-oracle,-0.025003478921305056,764,172
chain,nlg,effect_modifying,18,794650984,L0,0.03090069304288584,764,172
chain,nlg,effect_modifying,19,3338799195,L1-oracle,0.009565787310836571,748,172
chain,nlg,effect_modifying,19,3338799195,L0,-0.005970251235560942,748,172
