condition,topology,family,abs_mean_ddB_treatment,abs_mean_ddB_control,contrast_holds,ratio_treatment_over_control,saturated_both_arms
L1-oracle,triangle,linear,0.0030648410760373223,0.007167684564295384,False,0.42759151139327656,True
L1-oracle,triangle,nlg,5.9396091499741566e-05,0.00017666165721559325,False,0.3362138249798944,True
L1-oracle,triangle,ALL,0.001562118583768532,0.003672173110755489,False,0.4253935031530014,True
L1-oracle,collider,linear,0.029079707248135606,0.018732230659545795,True,1.5523889160160869,False
L1-oracle,collider,nlg,0.023555209518460442,0.019494833504892176,True,1.208279594311453,False
L1-oracle,collider,ALL,0.026317458383298024,0.019113532082218984,True,1.3769018865843607,False
L1-oracle,chain,linear,0.0033771408607391196,0.0028408368329451484,True,1.1887838194627935,True
L1-oracle,chain,nlg,0.0031114402793916557,0.0013324832954339561,True,2.335068882329469,True
L1-oracle,chain,ALL,0.0032442905700653876,0.0020866600641895523,True,1.5547767581996892,True
L0,triangle,linear,0.211892842831484,0.1814626216046835,True,1.167694156282459,False
L0,triangle,nlg,0.018525326873199167,0.0012179681589204795,True,15.210025596743598,True
L0,triangle,ALL,0.11520908485234158,0.09134029488180198,True,1.2613171985203986,False
L0,collider,linear,0.2969941673032903,0.8942203336317105,False,0.3321263855599251,False
L0,collider,nlg,0.1479382646143126,0.3779996293462339,False,0.3913714541735874,False
L0,collider,ALL,0.22246621595880145,0.6361099814889721,False,0.34972917016341176,False
L0,chain,linear,0.0025185062912064073,0.10599036696174624,False,0.023761652718075593,False
L0,chain,nlg,0.03704675657176453,0.04835053329884309,False,0.7662119535018855,False
L0,chain,ALL,0.01978263143148547,0.07717045013029467,False,0.25634982558847924,False
