topology,family,regime,condition,group,N_seeds,N_common_found_pairwise_vs_L2_mean,N_common_found_pairwise_vs_L2_sd,N_common_found_pairwise_vs_L2_min,N_common_found_pairwise_vs_L2_max,N_common_found_pairwise_vs_L2_N_seeds_observed,realized_cost_c_common_found_mean,realized_cost_c_common_found_sd,realized_cost_c_common_found_min,realized_cost_c_common_found_max,realized_cost_c_common_found_N_seeds_observed,realized_cost_L2_common_found_mean,realized_cost_L2_common_found_sd,realized_cost_L2_common_found_min,realized_cost_L2_common_found_max,realized_cost_L2_common_found_N_seeds_observed,ΔB_g_vs_L2_common_found_mean,ΔB_g_vs_L2_common_found_sd,ΔB_g_vs_L2_common_found_min,ΔB_g_vs_L2_common_found_max,ΔB_g_vs_L2_common_found_N_seeds_observed
triangle,linear,additive,L0,-1,20,2001.75,21.81229735239903,1966.0,2034.0,20,4.654843627099884,0.07216110288887413,4.511356566600529,4.8360975596330755,20,4.443818968985539,0.11677776765827033,4.234727800805272,4.676492108349087,20,0.21102465811434673,0.11638072423624941,0.0,0.39460388881167585,20
triangle,linear,additive,L0,1,20,421.7,28.050893596799146,370.0,488.0,20,0.7602033584245582,0.029617963726162,0.7215897906648676,0.8150579497053418,20,0.730641321914895,0.027312663064929514,0.6839133702114365,0.7879416349321905,20,0.029562036509663204,0.014461963018534188,0.0020373030756046795,0.05081017872872484,20
triangle,linear,additive,L1-oracle,-1,20,2001.75,21.81229735239903,1966.0,2034.0,20,4.451871483233307,0.11795973684328503,4.238187093501606,4.6548400145928746,20,4.443818968985539,0.11677776765827033,4.234727800805272,4.676492108349087,20,0.008052514247769694,0.03215950594593612,-0.048183455227743366,0.07956818990762216,20
triangle,linear,additive,L1-oracle,1,20,421.7,28.050893596799146,370.0,488.0,20,0.7315261515983693,0.027612346488197017,0.683746718075777,0.785465387094109,20,0.730641321914895,0.027312663064929514,0.6839133702114365,0.7879416349321905,20,0.0008848296834743086,0.0035728253545721715,-0.005691228174318219,0.00773779917483175,20
triangle,linear,additive,L1-discovered,-1,20,2001.75,21.81229735239903,1966.0,2034.0,20,4.451871483233307,0.11795973684328503,4.238187093501606,4.6548400145928746,20,4.443818968985539,0.11677776765827033,4.234727800805272,4.676492108349087,20,0.008052514247769694,0.03215950594593612,-0.048183455227743366,0.07956818990762216,20
triangle,linear,additive,L1-discovered,1,20,421.7,28.050893596799146,370.0,488.0,20,0.7315261515983693,0.027612346488197017,0.683746718075777,0.785465387094109,20,0.730641321914895,0.027312663064929514,0.6839133702114365,0.7879416349321905,20,0.0008848296834743086,0.0035728253545721715,-0.005691228174318219,0.00773779917483175,20
triangle,linear,effect_modifying,L0,-1,20,2000.55,21.90764106064606,1966.0,2032.0,20,3.693392724513663,0.08645141614611611,3.495945430147032,3.8395773341061474,20,3.6933895852724428,0.08645268086431378,3.495945430147032,3.8395773341061474,20,3.139241220773137e-06,5.859080900488834e-06,0.0,1.4616061812855463e-05,20
triangle,linear,effect_modifying,L0,1,20,572.9,24.661711213944585,526.0,623.0,20,0.9756312924544777,0.04208265460778914,0.8840058675774818,1.0502825225972103,20,0.7637353103817729,0.031846060968729724,0.6945618892679365,0.8213906791863488,20,0.21189598207270474,0.010395476605769508,0.1894439783095453,0.22889184341086155,20
triangle,linear,effect_modifying,L1-oracle,-1,20,2000.55,21.90764106064606,1966.0,2032.0,20,3.6933878912538645,0.08645101535570432,3.495945430147032,3.8395773341061474,20,3.6933895852724428,0.08645268086431378,3.495945430147032,3.8395773341061474,20,-1.694018577325096e-06,5.861557156930657e-06,-2.581760239683817e-05,8.575369645491548e-07,20
triangle,linear,effect_modifying,L1-oracle,1,20,572.9,24.661711213944585,526.0,623.0,20,0.7667984574392329,0.031079128203096804,0.7016839074719368,0.8168181081426291,20,0.7637353103817729,0.031846060968729724,0.6945618892679365,0.8213906791863488,20,0.0030631470574599973,0.007828657735987406,-0.01015603869891979,0.0159165377021655,20
triangle,linear,effect_modifying,L1-discovered,-1,20,2000.55,21.90764106064606,1966.0,2032.0,20,3.316179619121152,0.05258110467937842,3.2398315121972368,3.4554942278740923,20,3.6933895852724428,0.08645268086431378,3.495945430147032,3.8395773341061474,20,-0.37720996615128993,0.06179838595474649,-0.4786440823262845,-0.23887594421213487,20
triangle,linear,effect_modifying,L1-discovered,1,20,572.9,24.661711213944585,526.0,623.0,20,0.8935817738158448,0.04423203774424467,0.7973531967564901,0.965449656702509,20,0.7637353103817729,0.031846060968729724,0.6945618892679365,0.8213906791863488,20,0.12984646343407213,0.01502142912596262,0.10198259801677545,0.1572761764692472,20
triangle,nlg,additive,L0,-1,20,2001.6,21.80391080324329,1966.0,2034.0,20,3.997509097794114,0.07013205183864799,3.8678155432512087,4.128847983024889,20,3.9974767196196956,0.07010682933875216,3.867812906908229,4.128847983024889,20,3.237817441861246e-05,5.206489833732722e-05,0.0,0.00021988535860284486,20
triangle,nlg,additive,L0,1,20,395.7,29.734084641597498,347.0,473.0,20,0.6539979857739762,0.027883413520363665,0.6118420192366136,0.6995812938029364,20,0.652747639440637,0.027729906022716817,0.6103732937259013,0.6982714632108215,20,0.0012503463333390918,0.0005598550300091445,0.0003341292343386204,0.0027342268149320725,20
triangle,nlg,additive,L1-oracle,-1,20,2001.6,21.80391080324329,1966.0,2034.0,20,3.9973625302323845,0.06996347342826868,3.867812906908229,4.128847983024889,20,3.9974767196196956,0.07010682933875216,3.867812906908229,4.128847983024889,20,-0.000114189387311181,0.00038788986745793923,-0.0016533027156429014,4.1709657182309456e-05,20
triangle,nlg,additive,L1-oracle,1,20,395.7,29.734084641597498,347.0,473.0,20,0.6524567883961103,0.027244931192208003,0.6097371075112616,0.6985350260539979,20,0.652747639440637,0.027729906022716817,0.6103732937259013,0.6982714632108215,20,-0.00029085104452677426,0.001312999409728114,-0.005332091901087854,0.0007321325616268526,20
triangle,nlg,additive,L1-discovered,-1,20,2001.6,21.80391080324329,1966.0,2034.0,20,3.9973625302323845,0.06996347342826868,3.867812906908229,4.128847983024889,20,3.9974767196196956,0.07010682933875216,3.867812906908229,4.128847983024889,20,-0.000114189387311181,0.00038788986745793923,-0.0016533027156429014,4.1709657182309456e-05,20
triangle,nlg,additive,L1-discovered,1,20,395.7,29.734084641597498,347.0,473.0,20,0.6524567883961103,0.027244931192208003,0.6097371075112616,0.6985350260539979,20,0.652747639440637,0.027729906022716817,0.6103732937259013,0.6982714632108215,20,-0.00029085104452677426,0.001312999409728114,-0.005332091901087854,0.0007321325616268526,20
triangle,nlg,effect_modifying,L0,-1,20,1994.85,21.538887719901563,1961.0,2029.0,20,2.928177136715103,0.0788980078827602,2.736733709526354,3.0579171525645665,20,2.928174135246611,0.07889812470484055,2.7367325079628193,3.0579171525645665,20,3.0014684921697564e-06,5.953204756022434e-06,0.0,2.063762171644612e-05,20
triangle,nlg,effect_modifying,L0,1,20,536.3,24.99915788055354,500.0,609.0,20,0.7564231612349105,0.03308659749089134,0.6909383608216199,0.8105667723502084,20,0.7378948328932191,0.032366578048240405,0.668042328841543,0.7953078426860678,20,0.018528328341691335,0.0036472082862984826,0.011354812761254274,0.02415719553981499,20
triangle,nlg,effect_modifying,L1-oracle,-1,20,1994.85,21.538887719901563,1961.0,2029.0,20,2.928126001861472,0.0788238436817048,2.7367325079628193,3.0579171525645665,20,2.928174135246611,0.07889812470484055,2.7367325079628193,3.0579171525645665,20,-4.8133385138893205e-05,0.00020279121975923725,-0.000908642566307627,1.3758414477482717e-05,20
triangle,nlg,effect_modifying,L1-oracle,1,20,536.3,24.99915788055354,500.0,609.0,20,0.7377873034165805,0.03096205449196408,0.6766345954518165,0.7954044517311414,20,0.7378948328932191,0.032366578048240405,0.668042328841543,0.7953078426860678,20,-0.00010752947663863476,0.005804550655964556,-0.0130622867058805,0.0118044616699573,20
triangle,nlg,effect_modifying,L1-discovered,-1,20,1994.85,21.538887719901563,1961.0,2029.0,20,2.923476774896413,0.07480287752534868,2.736667093006733,3.0302722096859895,20,2.928174135246611,0.07889812470484055,2.7367325079628193,3.0579171525645665,20,-0.004697360350197943,0.007220704872301195,-0.027644942878576995,-5.822116942422184e-05,20
triangle,nlg,effect_modifying,L1-discovered,1,20,536.3,24.99915788055354,500.0,609.0,20,0.7548873103155584,0.032547337568461385,0.6878470647914734,0.8090998660400683,20,0.7378948328932191,0.032366578048240405,0.668042328841543,0.7953078426860678,20,0.016992477422339274,0.0028741176128622083,0.011057413841020547,0.02309101852511697,20
collider,linear,additive,L0,-1,20,745.75,19.611690927929484,711.0,791.0,20,6.611072265486821,0.46512722003834867,5.284384534332295,7.046701524535418,20,5.603509354443017,0.2996458681171149,4.937442555469176,6.059569046613664,20,1.0075629110438054,0.23490032180482617,0.3469419788631187,1.22062315627102,20
collider,linear,additive,L0,1,20,121.7,25.40430962196023,80.0,174.0,20,0.9182783802228297,0.07855013420660735,0.7554313532548571,1.0160480708088786,20,0.8049358028107351,0.057987793665929405,0.7050861319020583,0.8966824495430283,20,0.11334257741209486,0.031044420068394807,0.02612067262472595,0.14768775359698394,20
collider,linear,additive,L1-oracle,-1,20,745.75,19.611690927929484,711.0,791.0,20,5.622292231884204,0.30324024958689555,4.937424419046368,6.103742382401596,20,5.603509354443017,0.2996458681171149,4.937442555469176,6.059569046613664,20,0.018782877441186806,0.08258109927000684,-0.12798888096136274,0.16279243887140282,20
collider,linear,additive,L1-oracle,1,20,121.7,25.40430962196023,80.0,174.0,20,0.804986449592376,0.05628029473803187,0.7100175094604785,0.8979380450564989,20,0.8049358028107351,0.057987793665929405,0.7050861319020583,0.8966824495430283,20,5.0646781641011664e-05,0.006902055723572612,-0.012872731225933354,0.016422680832332226,20
collider,linear,additive,L1-discovered,-1,20,745.75,19.611690927929484,711.0,791.0,20,5.622292231884204,0.30324024958689555,4.937424419046368,6.103742382401596,20,5.603509354443017,0.2996458681171149,4.937442555469176,6.059569046613664,20,0.018782877441186806,0.08258109927000684,-0.12798888096136274,0.16279243887140282,20
collider,linear,additive,L1-discovered,1,20,121.7,25.40430962196023,80.0,174.0,20,0.804986449592376,0.05628029473803187,0.7100175094604785,0.8979380450564989,20,0.8049358028107351,0.057987793665929405,0.7050861319020583,0.8966824495430283,20,5.0646781641011664e-05,0.006902055723572612,-0.012872731225933354,0.016422680832332226,20
collider,linear,effect_modifying,L0,-1,20,745.75,19.611690927929484,711.0,791.0,20,6.555235069013108,0.4799001861948092,5.203099252153643,6.99069822416725,20,6.0848217043348125,0.4993292642013907,5.021811780377865,6.8090544198209475,20,0.4704133646782956,0.23074895833295697,0.03930708811775396,0.7342309125475168,20
collider,linear,effect_modifying,L0,1,20,131.9,23.11048975772918,98.0,170.0,20,0.9675417063485003,0.09054005611350104,0.7695780170093889,1.0892147819622104,20,0.7941225089734949,0.04506958024768728,0.7360418111193917,0.8726070859865185,20,0.1734191973750052,0.05399242178716248,0.032260037406523834,0.23673412012895023,20
collider,linear,effect_modifying,L1-oracle,-1,20,745.75,19.611690927929484,711.0,791.0,20,6.113763088876665,0.5070868379510757,5.020409876680541,6.866792446091284,20,6.0848217043348125,0.4993292642013907,5.021811780377865,6.8090544198209475,20,0.028941384541852334,0.0832732278125104,-0.13265272345559076,0.2263915380526198,20
collider,linear,effect_modifying,L1-oracle,1,20,131.9,23.11048975772918,98.0,170.0,20,0.7939841862672116,0.045187491317781825,0.737317979602865,0.878746618273165,20,0.7941225089734949,0.04506958024768728,0.7360418111193917,0.8726070859865185,20,-0.00013832270628327258,0.010668594161111843,-0.01829903385704834,0.028408311348383286,20
collider,linear,effect_modifying,L1-discovered,-1,20,745.75,19.611690927929484,711.0,791.0,20,5.580142341984798,0.29391035316227265,4.953445465856309,6.023187317310989,20,6.0848217043348125,0.4993292642013907,5.021811780377865,6.8090544198209475,20,-0.5046793623500131,0.22634193295824923,-0.8797256200316648,-0.06836631452155562,20
collider,linear,effect_modifying,L1-discovered,1,20,131.9,23.11048975772918,98.0,170.0,20,0.8502959000909112,0.06790631027223208,0.740306234159842,0.9663789399818631,20,0.7941225089734949,0.04506958024768728,0.7360418111193917,0.8726070859865185,20,0.05617339111741641,0.030819024689364222,0.0029882545569769325,0.11389827814860287,20
collider,nlg,additive,L0,-1,20,745.7,19.6525075405552,711.0,791.0,20,2.755876163929226,0.1946659304811069,2.2480512682593012,3.166023823035067,20,2.284299129535973,0.2138224631353793,1.8833723860297877,2.8695229169439567,20,0.47157703439325227,0.06518188921989594,0.29650090609111013,0.5330528561774561,20
collider,nlg,additive,L0,1,20,169.95,21.97480614847735,131.0,210.0,20,0.509955698529206,0.062918463949855,0.3919569091466593,0.6870369128166277,20,0.4163782934821875,0.05698805074060541,0.33080627825321646,0.594759203490533,20,0.09357740504701842,0.010574355271053994,0.06115063089344286,0.11055115457076697,20
collider,nlg,additive,L1-oracle,-1,20,745.7,19.6525075405552,711.0,791.0,20,2.3055263340520473,0.23616495310139551,1.8933447153341998,2.8043343128764984,20,2.284299129535973,0.2138224631353793,1.8833723860297877,2.8695229169439567,20,0.021227204516074218,0.10406489413865828,-0.14475172199134723,0.23808675506426935,20
collider,nlg,additive,L1-oracle,1,20,169.95,21.97480614847735,131.0,210.0,20,0.41811066449336953,0.05695016424016585,0.33193183566766915,0.5832013909952576,20,0.4163782934821875,0.05698805074060541,0.33080627825321646,0.594759203490533,20,0.0017323710111820407,0.014694171322315461,-0.022698756548411192,0.03719786152819993,20
collider,nlg,additive,L1-discovered,-1,20,745.7,19.6525075405552,711.0,791.0,20,2.3055263340520473,0.23616495310139551,1.8933447153341998,2.8043343128764984,20,2.284299129535973,0.2138224631353793,1.8833723860297877,2.8695229169439567,20,0.021227204516074218,0.10406489413865828,-0.14475172199134723,0.23808675506426935,20
collider,nlg,additive,L1-discovered,1,20,169.95,21.97480614847735,131.0,210.0,20,0.41811066449336953,0.05695016424016585,0.33193183566766915,0.5832013909952576,20,0.4163782934821875,0.05698805074060541,0.33080627825321646,0.594759203490533,20,0.0017323710111820407,0.014694171322315461,-0.022698756548411192,0.03719786152819993,20
collider,nlg,effect_modifying,L0,-1,20,745.75,19.611690927929484,711.0,791.0,20,2.7537157481223025,0.20479941850543823,2.272455180959965,3.1113997905333997,20,2.481165853214717,0.25576689958726007,1.9990897771255611,3.002511701280511,20,0.27254989490758624,0.07195956637392238,0.10888808925288851,0.35157133437246735,20
collider,nlg,effect_modifying,L0,1,20,173.15,20.999436082654068,137.0,216.0,20,0.5259995098970556,0.06475408245734966,0.4127134571531375,0.6902963724939323,20,0.4013878796037821,0.04893681233530401,0.33263947444425473,0.5334730361453305,20,0.12461163029327364,0.018637842202586265,0.08007398270888277,0.1568233363486018,20
collider,nlg,effect_modifying,L1-oracle,-1,20,745.75,19.611690927929484,711.0,791.0,20,2.5065965550935765,0.2900998495707997,1.9863895357214072,3.003557092137467,20,2.481165853214717,0.25576689958726007,1.9990897771255611,3.002511701280511,20,0.025430701878860106,0.11716104929325162,-0.26143419859394124,0.30116095479531824,20
collider,nlg,effect_modifying,L1-oracle,1,20,173.15,20.999436082654068,137.0,216.0,20,0.4032633719641817,0.05270792849088367,0.33244690034484725,0.515163507466919,20,0.4013878796037821,0.04893681233530401,0.33263947444425473,0.5334730361453305,20,0.0018754923603996666,0.01963786128812981,-0.023366955408390566,0.06156152605808307,20
collider,nlg,effect_modifying,L1-discovered,-1,20,745.75,19.611690927929484,711.0,791.0,20,2.3048396219318663,0.24338874134872196,1.9080502438508264,2.69728835125264,20,2.481165853214717,0.25576689958726007,1.9990897771255611,3.002511701280511,20,-0.17632623128285044,0.11524509517699408,-0.36362280350700793,0.05096766636441297,20
collider,nlg,effect_modifying,L1-discovered,1,20,173.15,20.999436082654068,137.0,216.0,20,0.43220997546845313,0.05837706359092616,0.34705680315118886,0.5661493548781492,20,0.4013878796037821,0.04893681233530401,0.33263947444425473,0.5334730361453305,20,0.030822095864671044,0.02022343469973454,0.002767773290480502,0.08501916063483189,20
chain,linear,additive,L0,-1,20,745.75,19.611690927929484,711.0,791.0,20,2.8406498737707744,0.11661969866301013,2.543299934736805,3.0132930315196553,20,2.7025589638522023,0.13883296058080394,2.379175097483468,2.905769598571385,20,0.13809090991857242,0.06010297459159127,0.010675835833203529,0.22967237784357675,20
chain,linear,additive,L0,1,20,157.25,22.360385553591495,112.0,195.0,20,0.4940459911632404,0.024618757938633124,0.4559439635100809,0.547897444843635,20,0.46194544820641426,0.02608268540708584,0.4231579297923985,0.5086059459690662,20,0.03210054295682618,0.009048114050702426,0.01553283685675394,0.04396059187313839,20
chain,linear,additive,L1-oracle,-1,20,745.75,19.611690927929484,711.0,791.0,20,2.7057949349030386,0.13856305135345778,2.355019979234137,2.896890323105913,20,2.7025589638522023,0.13883296058080394,2.379175097483468,2.905769598571385,20,0.003235971050836883,0.03287026745591605,-0.053785689687236626,0.0796008871811611,20
chain,linear,additive,L1-oracle,1,20,157.25,22.360385553591495,112.0,195.0,20,0.46234058242430603,0.023917095800694833,0.4266845837740901,0.5032640194169039,20,0.46194544820641426,0.02608268540708584,0.4231579297923985,0.5086059459690662,20,0.000395134217891735,0.003847729081119782,-0.007549649890485788,0.007040328198866241,20
chain,linear,additive,L1-discovered,-1,20,745.75,19.611690927929484,711.0,791.0,20,2.7055852193332997,0.13901190322077156,2.355019979234137,2.896890323105913,20,2.7025589638522023,0.13883296058080394,2.379175097483468,2.905769598571385,20,0.003026255481098006,0.03288891806955341,-0.053785689687236626,0.0796008871811611,20
chain,linear,additive,L1-discovered,1,20,157.25,22.360385553591495,112.0,195.0,20,0.46249976092557005,0.023939192440966206,0.4266845837740901,0.5032640194169039,20,0.46194544820641426,0.02608268540708584,0.4231579297923985,0.5086059459690662,20,0.000554312719155814,0.003883564735435634,-0.007549649890485788,0.007040328198866241,20
chain,linear,effect_modifying,L0,-1,20,745.75,19.611690927929484,711.0,791.0,20,2.811574527030826,0.10986069956168178,2.5270586745949535,2.9839434952531247,20,2.735985950649958,0.15626145043260406,2.305864264410224,2.974132923042722,20,0.0755885763808681,0.07682135554143261,0.0,0.2211944101847294,20
chain,linear,effect_modifying,L0,1,20,170.2,23.569829063980567,113.0,203.0,20,0.5485266150226508,0.021160355448705846,0.5120034938893856,0.5909069039840477,20,0.4704195323505763,0.029207009271157776,0.41726701621107937,0.5293310629745023,20,0.07810708267207452,0.014997589391996604,0.04325374423542072,0.09682562472710265,20
chain,linear,effect_modifying,L1-oracle,-1,20,745.75,19.611690927929484,711.0,791.0,20,2.7354477170022182,0.15861931624937772,2.276462962534388,2.98071454153661,20,2.735985950649958,0.15626145043260406,2.305864264410224,2.974132923042722,20,-0.0005382336477397053,0.02808031021396773,-0.06422043248721643,0.05944108175536433,20
chain,linear,effect_modifying,L1-oracle,1,20,170.2,23.569829063980567,113.0,203.0,20,0.4732584395635756,0.025989973019967177,0.42215236407595036,0.5263451543684856,20,0.4704195323505763,0.029207009271157776,0.41726701621107937,0.5293310629745023,20,0.002838907212999414,0.006945483733022333,-0.009532423514391097,0.016828561386861507,20
chain,linear,effect_modifying,L1-discovered,-1,20,745.75,19.611690927929484,711.0,791.0,20,2.669525491903723,0.14576617383886326,2.276462962534388,2.867651020180678,20,2.735985950649958,0.15626145043260406,2.305864264410224,2.974132923042722,20,-0.06646045874623518,0.06825313429740862,-0.1965741533080223,0.05944108175536433,20
chain,linear,effect_modifying,L1-discovered,1,20,170.2,23.569829063980567,113.0,203.0,20,0.5133831131381134,0.02435444664708758,0.4703139754568468,0.5585022298388768,20,0.4704195323505763,0.029207009271157776,0.41726701621107937,0.5293310629745023,20,0.042963580787537245,0.01057010936792867,0.005003879187279292,0.054255675799827485,20
chain,nlg,additive,L0,-1,20,745.55,19.554175755415624,711.0,791.0,20,1.8032540374764046,0.06461770445064213,1.629244376143134,1.9219075846137963,20,1.726519244900127,0.07941911489208729,1.5151580588401172,1.8713427692860585,20,0.07673479257627773,0.027235515967493237,0.01793358242454479,0.1300421367340454,20
chain,nlg,additive,L0,1,20,169.3,21.56288233833413,127.0,208.0,20,0.3616135907240734,0.015762302298595612,0.32311674509102645,0.3868658423177606,20,0.3332293314466388,0.01648070613227471,0.29631930818933755,0.3633029532712318,20,0.028384259277434643,0.005984448765368274,0.01805912563250467,0.03758269122616975,20
chain,nlg,additive,L1-oracle,-1,20,745.55,19.554175755415624,711.0,791.0,20,1.7285303671578163,0.08274207354470624,1.5209488044314787,1.8857842006214356,20,1.726519244900127,0.07941911489208729,1.5151580588401172,1.8713427692860585,20,0.002011122257689002,0.027652707363039264,-0.05591279633806079,0.05900763640545703,20
chain,nlg,additive,L1-oracle,1,20,169.3,21.56288233833413,127.0,208.0,20,0.3339079704088938,0.015488070490826995,0.29998582145651,0.3627416358852345,20,0.3332293314466388,0.01648070613227471,0.29631930818933755,0.3633029532712318,20,0.0006786389622550459,0.00393640224159841,-0.007481082090873947,0.008217186937478804,20
chain,nlg,additive,L1-discovered,-1,20,745.55,19.554175755415624,711.0,791.0,20,1.7285818283749332,0.08268441193431174,1.5213875114972644,1.8857842006214356,20,1.726519244900127,0.07941911489208729,1.5151580588401172,1.8713427692860585,20,0.0020625834748062453,0.027666230028571118,-0.05591279633806079,0.05900763640545703,20
chain,nlg,additive,L1-discovered,1,20,169.3,21.56288233833413,127.0,208.0,20,0.33394249133031034,0.01551115613107863,0.29998582145651,0.3627416358852345,20,0.3332293314466388,0.01648070613227471,0.29631930818933755,0.3633029532712318,20,0.0007131598836715381,0.004019039443106842,-0.007481082090873947,0.008217186937478804,20
chain,nlg,effect_modifying,L0,-1,20,745.75,19.611690927929484,711.0,791.0,20,1.7903896273328743,0.062018491164621874,1.66939319740251,1.90842937732844,20,1.7533834779159583,0.08313444224461812,1.566160935669342,1.888934267309182,20,0.03700614941691653,0.034800442596011075,6.07416752835821e-05,0.10323226173316802,20
chain,nlg,effect_modifying,L0,1,20,179.4,19.55128209552886,134.0,215.0,20,0.4213751057103372,0.018490139225649883,0.3789548759280715,0.450389000138957,20,0.3473221997216562,0.020200292656298025,0.30904899304242883,0.38049911895245475,20,0.07405290598868106,0.013530228394567289,0.04836673672911529,0.09540006431757997,20
chain,nlg,effect_modifying,L1-oracle,-1,20,745.75,19.611690927929484,711.0,791.0,20,1.7526845749107267,0.08357038111339439,1.57653562826797,1.8926975615564667,20,1.7533834779159583,0.08313444224461812,1.566160935669342,1.888934267309182,20,-0.0006989030052316659,0.026359297114617184,-0.06470459528230865,0.052162388141402394,20
chain,nlg,effect_modifying,L1-oracle,1,20,179.4,19.55128209552886,134.0,215.0,20,0.34973473699581614,0.018561889363717998,0.3129661804017581,0.3761767484469608,20,0.3473221997216562,0.020200292656298025,0.30904899304242883,0.38049911895245475,20,0.00241253727415999,0.0072818621483746486,-0.007821583787284925,0.01630708803554587,20
chain,nlg,effect_modifying,L1-discovered,-1,20,745.75,19.611690927929484,711.0,791.0,20,1.7288708832302633,0.08308728450790712,1.5762843099881272,1.8803513109161996,20,1.7533834779159583,0.08313444224461812,1.566160935669342,1.888934267309182,20,-0.0245125946856949,0.035325534461332915,-0.09458822359111374,0.051441676512312684,20
chain,nlg,effect_modifying,L1-discovered,1,20,179.4,19.55128209552886,134.0,215.0,20,0.3935634982985497,0.017844177161271096,0.3548041816304184,0.4274904100389849,20,0.3473221997216562,0.020200292656298025,0.30904899304242883,0.38049911895245475,20,0.046241298576893464,0.009112487594877455,0.026869601915918806,0.0647369695321745,20
