topology,family,regime,denominator,n_seeds,region_1_count,region_2_count,region_3_count,reversal_seed_count,mean_dcost_ld,sd_dcost_ld,mean_dcost_l0,sd_dcost_l0,mean_t,t_instability_flag,mean_skeleton_shd,mean_orientation_wrong,mean_tiebreak_resolved,mean_wrong_and_tiebreak,mean_n_sid,structural_expectation_violations,N_valid,halt_n_valid,region_2_gate_pass
chain,linear,additive,fourway,20,19,0,1,0,-0.00015223875955325817,0.0008406607912227845,0.11705356117442503,0.0510773357270421,-0.0016035808201183177,False,0.1,0.0,2.1,0.0,0.0,0,20,False,False
chain,linear,effect_modifying,fourway,20,8,0,12,0,-0.04654585339009153,0.052963171744201606,0.07578116567963702,0.0686325300994151,-2.408035195108633,False,0.1,0.0,2.1,0.0,0.0,0,20,False,False
chain,nlg,additive,fourway,20,20,0,0,0,4.771440331327037e-05,0.0001632000158266164,0.06600124523058647,0.03614201856746305,0.0009629821186852457,False,0.1,0.0,2.1,0.0,0.0,0,20,False,False
chain,nlg,effect_modifying,fourway,20,9,0,11,0,-0.010749500514421261,0.01952021340777057,0.04416381353207253,0.039865366039722225,-0.7038156262538329,False,0.05,0.0,2.05,0.0,0.0,0,20,False,False
collider,linear,additive,fourway,20,20,0,0,0,0.0,0.0,0.864050279138128,0.2054679010227085,0.0,False,0.0,0.0,1.7,0.0,0.0,0,20,False,False
collider,linear,effect_modifying,fourway,20,0,0,20,0,-0.44292156495887325,0.18525660394204535,0.4008847420794175,0.19750749071088494,-2.1226930874789827,False,0.0,0.0,1.9,0.0,0.0,0,20,False,False
collider,nlg,additive,fourway,20,20,0,0,0,0.0,0.0,0.38354654346368744,0.09421133384122332,0.0,False,0.0,0.0,0.0,0.0,0.0,0,20,False,False
collider,nlg,effect_modifying,fourway,20,0,0,20,0,-0.15817572096604898,0.06123634264569058,0.22319112197827556,0.1156010398865615,-1.1393177479189902,False,0.0,0.0,0.0,0.0,0.0,0,20,False,False
triangle,linear,additive,fourway,20,20,0,0,0,0.0,0.0,0.17217502182353772,0.10488553025499914,0.0,False,0.0,0.0,1.0,0.0,0.0,0,20,False,False
triangle,linear,effect_modifying,fourway,20,0,0,20,0,-0.26489591451261585,0.05016083074635308,0.046532978209194595,0.0042880096959212605,-5.75141467752067,False,1.0,0.0,0.0,0.0,0.0,0,20,False,False
triangle,nlg,additive,fourway,20,20,0,0,0,0.0,0.0,0.00038172897746104886,0.0006441317228001517,0.0,True,0.0,0.0,1.0,0.0,0.0,0,20,False,False
triangle,nlg,effect_modifying,fourway,20,15,0,5,0,-4.223300852912448e-05,0.005447963662404044,0.003981368701899047,0.0014340321710481245,0.0633286344816707,False,0.0,0.0,1.0,0.0,0.0,0,20,False,False
