topology,family,regime,seed,condition,group,N_eligible,N_valid,realized_mean_cost,believed_mean_cost,realized_validity_rate,believed_validity_rate,mean_believed_realized_cf_displacement,ΔB_g_vs_L2,N_found,N_common_found_threeway,realized_cost_common_found_threeway,N_common_found_pairwise_vs_L2,realized_cost_common_found_pairwise_vs_L2,N_valid_subset,realized_cost_valid_subset,seed_idx
triangle,linear,additive,3134173889,L0,-1,2004,2004,4.656271973136073,4.656271973136073,1.0,1.0,0.0,0.1924833118592364,2004,2004,4.656271973136073,2004.0,4.656271973136073,2004,4.656271973136073,0
triangle,linear,additive,3134173889,L0,1,411,411,0.779765581280288,0.779765581280288,1.0,1.0,0.004626084533608819,0.02701771990558932,411,411,0.779765581280288,411.0,0.779765581280288,411,0.779765581280288,0
triangle,linear,additive,3134173889,L1-oracle,-1,2004,2004,4.523629824198854,4.523629824198854,1.0,1.0,0.08938112214593716,0.0598411629220168,2004,2004,4.523629824198854,2004.0,4.523629824198854,2004,4.523629824198854,0
triangle,linear,additive,3134173889,L1-oracle,1,411,411,0.7604856605495304,0.7604856605495304,1.0,1.0,0.01031711415095032,0.00773779917483175,411,411,0.7604856605495304,411.0,0.7604856605495304,411,0.7604856605495304,0
triangle,linear,additive,3134173889,L2,-1,2004,2004,4.463788661276837,4.463788661276837,1.0,1.0,0.0,,2004,2004,4.463788661276837,,,2004,4.463788661276837,0
triangle,linear,additive,3134173889,L2,1,411,411,0.7527478613746986,0.7527478613746986,1.0,1.0,0.0,,411,411,0.7527478613746986,,,411,0.7527478613746986,0
triangle,linear,additive,3888140183,L0,-1,1980,1980,4.6708868568915465,4.6708868568915465,1.0,1.0,0.0,0.2466556268831006,1980,1980,4.6708868568915465,1980.0,4.6708868568915465,1980,4.6708868568915465,1
triangle,linear,additive,3888140183,L0,1,410,410,0.7614108654090799,0.7614108654090799,1.0,1.0,0.005345771229532045,0.03705190404712955,410,410,0.7614108654090799,410.0,0.7614108654090799,410,0.7614108654090799,1
triangle,linear,additive,3888140183,L1-oracle,-1,1980,1980,4.429680842947954,4.429680842947954,1.0,1.0,0.00983170877848541,0.005449612939508519,1980,1980,4.429680842947954,1980.0,4.429680842947954,1980,4.429680842947954,1
triangle,linear,additive,3888140183,L1-oracle,1,410,410,0.7249072455906203,0.7249072455906203,1.0,1.0,0.0013585353818243136,0.0005482842286699263,410,410,0.7249072455906203,410.0,0.7249072455906203,410,0.7249072455906203,1
triangle,linear,additive,3888140183,L2,-1,1980,1980,4.424231230008446,4.424231230008446,1.0,1.0,0.0,,1980,1980,4.424231230008446,,,1980,4.424231230008446,1
triangle,linear,additive,3888140183,L2,1,410,410,0.7243589613619503,0.7243589613619503,1.0,1.0,0.0,,410,410,0.7243589613619503,,,410,0.7243589613619503,1
triangle,linear,additive,242446310,L0,-1,1974,1974,4.693451950791773,4.693451950791773,1.0,1.0,0.0,0.1397425506923593,1974,1974,4.693451950791773,1974.0,4.693451950791773,1974,4.693451950791773,2
triangle,linear,additive,242446310,L0,1,456,456,0.7459818089274496,0.7459818089274496,1.0,1.0,0.004651999023115823,0.02048636828013206,456,456,0.7459818089274496,456.0,0.7459818089274496,456,0.7459818089274496,2
triangle,linear,additive,242446310,L1-oracle,-1,1974,1909,4.550054980457443,4.550054980457443,0.9670719351570415,1.0,0.005070079651564974,-0.0036544196419709962,1974,1974,4.550054980457443,1974.0,4.550054980457443,1909,4.542158493815864,2
triangle,linear,additive,242446310,L1-oracle,1,456,455,0.7253455816233825,0.7253455816233825,0.9978070175438597,1.0,0.0005655545293578872,-0.00014985902393505057,456,456,0.7253455816233825,456.0,0.7253455816233825,455,0.7247313262225701,2
triangle,linear,additive,242446310,L2,-1,1974,1974,4.553709400099414,4.553709400099414,1.0,1.0,0.0,,1974,1974,4.553709400099414,,,1974,4.553709400099414,2
triangle,linear,additive,242446310,L2,1,456,456,0.7254954406473175,0.7254954406473175,1.0,1.0,0.0,,456,456,0.7254954406473175,,,456,0.7254954406473175,2
triangle,linear,additive,1421188080,L0,-1,1986,1986,4.66641595642203,4.66641595642203,1.0,1.0,2.8107363424512815e-05,0.3255767144791202,1986,1986,4.66641595642203,1986.0,4.66641595642203,1986,4.66641595642203,3
triangle,linear,additive,1421188080,L0,1,426,426,0.7215897906648676,0.7215897906648676,1.0,1.0,0.006158679616833048,0.037676420453431114,426,426,0.7215897906648676,426.0,0.7215897906648676,426,0.7215897906648676,3
triangle,linear,additive,1421188080,L1-oracle,-1,1986,1844,4.332856750730348,4.332856750730348,0.9284994964753273,1.0,0.013522427423771547,-0.007982491212562337,1986,1986,4.332856750730348,1986.0,4.332856750730348,1844,4.312758506550138,3
triangle,linear,additive,1421188080,L1-oracle,1,426,425,0.683746718075777,0.683746718075777,0.9976525821596244,1.0,0.0018110156234009895,-0.000166652135659473,426,426,0.683746718075777,426.0,0.683746718075777,425,0.6845674695475634,3
triangle,linear,additive,1421188080,L2,-1,1986,1986,4.34083924194291,4.34083924194291,1.0,1.0,0.0,,1986,1986,4.34083924194291,,,1986,4.34083924194291,3
triangle,linear,additive,1421188080,L2,1,426,426,0.6839133702114365,0.6839133702114365,1.0,1.0,0.0,,426,426,0.6839133702114365,,,426,0.6839133702114365,3
triangle,linear,additive,2507512415,L0,-1,2031,2031,4.686164118013533,4.686164118013533,1.0,1.0,0.0,0.1905440028264067,2031,2031,4.686164118013533,2031.0,4.686164118013533,2031,4.686164118013533,4
triangle,linear,additive,2507512415,L0,1,399,399,0.7652574943735553,0.7652574943735553,1.0,1.0,0.004096085735543458,0.027563572141797832,399,399,0.7652574943735553,399.0,0.7652574943735553,399,0.7652574943735553,4
triangle,linear,additive,2507512415,L1-oracle,-1,2031,2031,4.528996258845937,4.528996258845937,1.0,1.0,0.04737863806719335,0.0333761436588107,2031,2031,4.528996258845937,2031.0,4.528996258845937,2031,4.528996258845937,4
triangle,linear,additive,2507512415,L1-oracle,1,399,399,0.7407547619643495,0.7407547619643495,1.0,1.0,0.005646310301025237,0.00306083973259208,399,399,0.7407547619643495,399.0,0.7407547619643495,399,0.7407547619643495,4
triangle,linear,additive,2507512415,L2,-1,2031,2031,4.495620115187126,4.495620115187126,1.0,1.0,0.0,,2031,2031,4.495620115187126,,,2031,4.495620115187126,4
triangle,linear,additive,2507512415,L2,1,399,399,0.7376939222317574,0.7376939222317574,1.0,1.0,0.0,,399,399,0.7376939222317574,,,399,0.7376939222317574,4
triangle,linear,additive,2830493979,L0,-1,2031,2031,4.511356566600529,4.511356566600529,1.0,1.0,0.0,0.09005934601217636,2031,2031,4.511356566600529,2031.0,4.511356566600529,2031,4.511356566600529,5
triangle,linear,additive,2830493979,L0,1,370,370,0.7233932904938745,0.7233932904938745,1.0,1.0,0.004315628779218734,0.014359416197113006,370,370,0.7233932904938745,370.0,0.7233932904938745,370,0.7233932904938745,5
triangle,linear,additive,2830493979,L1-oracle,-1,2031,2031,4.500865410495975,4.500865410495975,1.0,1.0,0.05934939854967522,0.07956818990762216,2031,2031,4.500865410495975,2031.0,4.500865410495975,2031,4.500865410495975,5
triangle,linear,additive,2830493979,L1-oracle,1,370,370,0.7161492579490857,0.7161492579490857,1.0,1.0,0.0059899827807974315,0.007115383652324225,370,370,0.7161492579490857,370.0,0.7161492579490857,370,0.7161492579490857,5
triangle,linear,additive,2830493979,L2,-1,2031,2031,4.421297220588353,4.421297220588353,1.0,1.0,0.0,,2031,2031,4.421297220588353,,,2031,4.421297220588353,5
triangle,linear,additive,2830493979,L2,1,370,370,0.7090338742967615,0.7090338742967615,1.0,1.0,0.0,,370,370,0.7090338742967615,,,370,0.7090338742967615,5
triangle,linear,effect_modifying,3134173889,L0,-1,2003,2003,3.678023376731018,3.678023376731018,1.0,1.0,1.6751232650846433e-05,1.4345087978373527e-05,2003,2003,3.678023376731018,2003.0,3.678023376731018,2003,3.678023376731018,0
triangle,linear,effect_modifying,3134173889,L0,1,589,589,0.9739233461972071,0.9739233461972071,1.0,1.0,0.0010253802071198848,0.21295511627357622,589,589,0.9739233461972071,589.0,0.9739233461972071,589,0.9739233461972071,0
triangle,linear,effect_modifying,3134173889,L1-oracle,-1,2003,2003,3.6780090316430396,3.6780090316430396,1.0,1.0,4.4245758070640245e-08,0.0,2003,2003,3.6780090316430396,2003.0,3.6780090316430396,2003,3.6780090316430396,0
triangle,linear,effect_modifying,3134173889,L1-oracle,1,589,589,0.7768847676257964,0.7768847676257964,1.0,1.0,0.02999732993539942,0.0159165377021655,589,589,0.7768847676257964,589.0,0.7768847676257964,589,0.7768847676257964,0
triangle,linear,effect_modifying,3134173889,L2,-1,2003,2003,3.6780090316430396,3.6780090316430396,1.0,1.0,0.0,,2003,2003,3.6780090316430396,,,2003,3.6780090316430396,0
triangle,linear,effect_modifying,3134173889,L2,1,589,589,0.7609682299236309,0.7609682299236309,1.0,1.0,0.0,,589,589,0.7609682299236309,,,589,0.7609682299236309,0
triangle,linear,effect_modifying,3888140183,L0,-1,1979,1979,3.578315043771447,3.578315043771447,1.0,1.0,0.0,0.0,1979,1979,3.578315043771447,1979.0,3.578315043771447,1979,3.578315043771447,1
triangle,linear,effect_modifying,3888140183,L0,1,540,540,0.9837569810693775,0.9837569810693775,1.0,1.0,0.0003746608895911344,0.21161454889424414,540,540,0.9837569810693775,540.0,0.9837569810693775,540,0.9837569810693775,1
triangle,linear,effect_modifying,3888140183,L1-oracle,-1,1979,1979,3.578315043771447,3.578315043771447,1.0,1.0,0.0,0.0,1979,1979,3.578315043771447,1979.0,3.578315043771447,1979,3.578315043771447,1
triangle,linear,effect_modifying,3888140183,L1-oracle,1,540,530,0.770060982788516,0.770060982788516,0.9814814814814815,1.0,0.005550204231794197,-0.0020814493866173622,540,540,0.770060982788516,540.0,0.770060982788516,530,0.7608383487085593,1
triangle,linear,effect_modifying,3888140183,L2,-1,1979,1979,3.578315043771447,3.578315043771447,1.0,1.0,0.0,,1979,1979,3.578315043771447,,,1979,3.578315043771447,1
triangle,linear,effect_modifying,3888140183,L2,1,540,540,0.7721424321751333,0.7721424321751333,1.0,1.0,0.0,,540,540,0.7721424321751333,,,540,0.7721424321751333,1
triangle,linear,effect_modifying,242446310,L0,-1,1973,1973,3.825908239405219,3.825908239405219,1.0,1.0,0.0,0.0,1973,1973,3.825908239405219,1973.0,3.825908239405219,1973,3.825908239405219,2
triangle,linear,effect_modifying,242446310,L0,1,623,623,0.9786046806987663,0.9786046806987663,1.0,1.0,0.0017741813288801277,0.2161791331091737,623,623,0.9786046806987663,623.0,0.9786046806987663,623,0.9786046806987663,2
triangle,linear,effect_modifying,242446310,L1-oracle,-1,1973,1973,3.825908239405219,3.825908239405219,1.0,1.0,0.0,0.0,1973,1973,3.825908239405219,1973.0,3.825908239405219,1973,3.825908239405219,2
triangle,linear,effect_modifying,242446310,L1-oracle,1,623,623,0.7661889625296413,0.7661889625296413,1.0,1.0,0.005497580422784741,0.003763414940048726,623,623,0.7661889625296413,623.0,0.7661889625296413,623,0.7661889625296413,2
triangle,linear,effect_modifying,242446310,L2,-1,1973,1973,3.825908239405219,3.825908239405219,1.0,1.0,0.0,,1973,1973,3.825908239405219,,,1973,3.825908239405219,2
triangle,linear,effect_modifying,242446310,L2,1,623,623,0.7624255475895926,0.7624255475895926,1.0,1.0,0.0,,623,623,0.7624255475895926,,,623,0.7624255475895926,2
triangle,linear,effect_modifying,1421188080,L0,-1,1984,1984,3.755573426786843,3.755573426786843,1.0,1.0,0.0,1.8200491478381764e-06,1984,1984,3.755573426786843,1984.0,3.755573426786843,1984,3.755573426786843,3
triangle,linear,effect_modifying,1421188080,L0,1,580,580,0.8840058675774818,0.8840058675774818,1.0,1.0,0.0024253359289297897,0.1894439783095453,580,580,0.8840058675774818,580.0,0.8840058675774818,580,0.8840058675774818,3
triangle,linear,effect_modifying,1421188080,L1-oracle,-1,1984,1983,3.7555658969289194,3.7555658969289194,0.9994959677419355,1.0,1.294685960854772e-05,-5.709808775566927e-06,1984,1984,3.7555658969289194,1984.0,3.7555658969289194,1983,3.757065679462593,3
triangle,linear,effect_modifying,1421188080,L1-oracle,1,580,580,0.7016839074719368,0.7016839074719368,1.0,1.0,0.011864143300710266,0.007122018204000269,580,580,0.7016839074719368,580.0,0.7016839074719368,580,0.7016839074719368,3
triangle,linear,effect_modifying,1421188080,L2,-1,1984,1984,3.755571606737695,3.755571606737695,1.0,1.0,0.0,,1984,1984,3.755571606737695,,,1984,3.755571606737695,3
triangle,linear,effect_modifying,1421188080,L2,1,580,580,0.6945618892679365,0.6945618892679365,1.0,1.0,0.0,,580,580,0.6945618892679365,,,580,0.6945618892679365,3
triangle,linear,effect_modifying,2507512415,L0,-1,2030,2030,3.723616299617712,3.723616299617712,1.0,1.0,0.0,0.0,2030,2030,3.723616299617712,2030.0,3.723616299617712,2030,3.723616299617712,4
triangle,linear,effect_modifying,2507512415,L0,1,576,576,0.9696447215042403,0.9696447215042403,1.0,1.0,0.0010566841865184318,0.2099449265837554,576,576,0.9696447215042403,576.0,0.9696447215042403,576,0.9696447215042403,4
triangle,linear,effect_modifying,2507512415,L1-oracle,-1,2030,2030,3.723616299617712,3.723616299617712,1.0,1.0,0.0,0.0,2030,2030,3.723616299617712,2030.0,3.723616299617712,2030,3.723616299617712,4
triangle,linear,effect_modifying,2507512415,L1-oracle,1,576,576,0.7622436642583996,0.7622436642583996,1.0,1.0,0.006924835500469265,0.002543869337914728,576,576,0.7622436642583996,576.0,0.7622436642583996,576,0.7622436642583996,4
triangle,linear,effect_modifying,2507512415,L2,-1,2030,2030,3.723616299617712,3.723616299617712,1.0,1.0,0.0,,2030,2030,3.723616299617712,,,2030,3.723616299617712,4
triangle,linear,effect_modifying,2507512415,L2,1,576,576,0.7596997949204849,0.7596997949204849,1.0,1.0,0.0,,576,576,0.7596997949204849,,,576,0.7596997949204849,4
triangle,linear,effect_modifying,2830493979,L0,-1,2030,2030,3.654785853624083,3.654785853624083,1.0,1.0,0.0,0.0,2030,2030,3.654785853624083,2030.0,3.654785853624083,2030,3.654785853624083,5
triangle,linear,effect_modifying,2830493979,L0,1,526,526,0.9233530893917322,0.9233530893917322,1.0,1.0,0.002072656118824994,0.20074835991964168,526,526,0.9233530893917322,526.0,0.9233530893917322,526,0.9233530893917322,5
triangle,linear,effect_modifying,2830493979,L1-oracle,-1,2030,2030,3.654785853624083,3.654785853624083,1.0,1.0,0.0,0.0,2030,2030,3.654785853624083,2030.0,3.654785853624083,2030,3.654785853624083,5
triangle,linear,effect_modifying,2830493979,L1-oracle,1,526,526,0.7252891870222682,0.7252891870222682,1.0,1.0,0.006008889665351364,0.0026844575501776546,526,526,0.7252891870222682,526.0,0.7252891870222682,526,0.7252891870222682,5
triangle,linear,effect_modifying,2830493979,L2,-1,2030,2030,3.654785853624083,3.654785853624083,1.0,1.0,0.0,,2030,2030,3.654785853624083,,,2030,3.654785853624083,5
triangle,linear,effect_modifying,2830493979,L2,1,526,526,0.7226047294720905,0.7226047294720905,1.0,1.0,0.0,,526,526,0.7226047294720905,,,526,0.7226047294720905,5
triangle,nlg,additive,3134173889,L0,-1,2004,2004,4.003200837937173,4.003200837937173,1.0,1.0,0.0,4.1709657182309456e-05,2004,2004,4.003200837937173,2004.0,4.003200837937173,2004,4.003200837937173,0
triangle,nlg,additive,3134173889,L0,1,399,399,0.6646410863856622,0.6646410863856622,1.0,1.0,0.00039843217580548426,0.0012338375359207676,399,399,0.6646410863856622,399.0,0.6646410863856622,399,0.6646410863856622,0
triangle,nlg,additive,3134173889,L1-oracle,-1,2004,2004,4.003200837937173,4.003200837937173,1.0,1.0,0.0,4.1709657182309456e-05,2004,2004,4.003200837937173,2004.0,4.003200837937173,2004,4.003200837937173,0
triangle,nlg,additive,3134173889,L1-oracle,1,399,399,0.6639959878554222,0.6639959878554222,1.0,1.0,0.0005120684834779908,0.000588739005680794,399,399,0.6639959878554222,399.0,0.6639959878554222,399,0.6639959878554222,0
triangle,nlg,additive,3134173889,L2,-1,2004,2004,4.00315912827999,4.00315912827999,1.0,1.0,0.0,,2004,2004,4.00315912827999,,,2004,4.00315912827999,0
triangle,nlg,additive,3134173889,L2,1,399,399,0.6634072488497414,0.6634072488497414,1.0,1.0,0.0,,399,399,0.6634072488497414,,,399,0.6634072488497414,0
triangle,nlg,additive,3888140183,L0,-1,1980,1980,3.9886493836023225,3.9886493836023225,1.0,1.0,0.0,5.4711486661140896e-06,1980,1980,3.9886493836023225,1980.0,3.9886493836023225,1980,3.9886493836023225,1
triangle,nlg,additive,3888140183,L0,1,372,372,0.6730348872762291,0.6730348872762291,1.0,1.0,0.0,0.0009854955559824852,372,372,0.6730348872762291,372.0,0.6730348872762291,372,0.6730348872762291,1
triangle,nlg,additive,3888140183,L1-oracle,-1,1980,1978,3.98861500685423,3.98861500685423,0.998989898989899,1.0,4.706543886686687e-05,-2.8905599426476414e-05,1980,1980,3.98861500685423,1980.0,3.98861500685423,1978,3.9912273796256024,1
triangle,nlg,additive,3888140183,L1-oracle,1,372,369,0.6717186131412124,0.6717186131412124,0.9919354838709677,1.0,0.00046020088452981877,-0.0003307785790341855,372,372,0.6717186131412124,372.0,0.6717186131412124,369,0.6723061024891424,1
triangle,nlg,additive,3888140183,L2,-1,1980,1980,3.9886439124536563,3.9886439124536563,1.0,1.0,0.0,,1980,1980,3.9886439124536563,,,1980,3.9886439124536563,1
triangle,nlg,additive,3888140183,L2,1,372,372,0.6720493917202466,0.6720493917202466,1.0,1.0,0.0,,372,372,0.6720493917202466,,,372,0.6720493917202466,1
triangle,nlg,additive,242446310,L0,-1,1974,1974,3.984759653530741,3.984759653530741,1.0,1.0,0.0,0.0,1974,1974,3.984759653530741,1974.0,3.984759653530741,1974,3.984759653530741,2
triangle,nlg,additive,242446310,L0,1,432,432,0.6317783191633808,0.6317783191633808,1.0,1.0,0.00013019182550070963,0.001123887127397638,432,432,0.6317783191633808,432.0,0.6317783191633808,432,0.6317783191633808,2
triangle,nlg,additive,242446310,L1-oracle,-1,1974,1974,3.984759653530741,3.984759653530741,1.0,1.0,0.0,0.0,1974,1974,3.984759653530741,1974.0,3.984759653530741,1974,3.984759653530741,2
triangle,nlg,additive,242446310,L1-oracle,1,432,432,0.6306544320359831,0.6306544320359831,1.0,1.0,0.00013486149945504471,0.0,432,432,0.6306544320359831,432.0,0.6306544320359831,432,0.6306544320359831,2
triangle,nlg,additive,242446310,L2,-1,1974,1974,3.984759653530741,3.984759653530741,1.0,1.0,0.0,,1974,1974,3.984759653530741,,,1974,3.984759653530741,2
triangle,nlg,additive,242446310,L2,1,432,432,0.6306544320359831,0.6306544320359831,1.0,1.0,0.0,,432,432,0.6306544320359831,,,432,0.6306544320359831,2
triangle,nlg,additive,1421188080,L0,-1,1985,1985,4.0303275647847405,4.0303275647847405,1.0,1.0,0.0,2.0382384118278196e-06,1985,1985,4.0303275647847405,1985.0,4.0303275647847405,1985,4.0303275647847405,3
triangle,nlg,additive,1421188080,L0,1,398,398,0.6118420192366136,0.6118420192366136,1.0,1.0,0.0,0.0014687255107123098,398,398,0.6118420192366136,398.0,0.6118420192366136,398,0.6118420192366136,3
triangle,nlg,additive,1421188080,L1-oracle,-1,1985,1983,4.030308884955544,4.030308884955544,0.998992443324937,1.0,5.509157049445515e-05,-1.6641590784516325e-05,1985,1985,4.030308884955544,1985.0,4.030308884955544,1983,4.032741051769345,3
triangle,nlg,additive,1421188080,L1-oracle,1,398,392,0.6097371075112616,0.6097371075112616,0.9849246231155779,1.0,0.0005818905655009755,-0.000636186214639678,398,398,0.6097371075112616,398.0,0.6097371075112616,392,0.6108105556411717,3
triangle,nlg,additive,1421188080,L2,-1,1985,1985,4.030325526546329,4.030325526546329,1.0,1.0,0.0,,1985,1985,4.030325526546329,,,1985,4.030325526546329,3
triangle,nlg,additive,1421188080,L2,1,398,398,0.6103732937259013,0.6103732937259013,1.0,1.0,0.0,,398,398,0.6103732937259013,,,398,0.6103732937259013,3
triangle,nlg,additive,2507512415,L0,-1,2031,2031,3.9924827455596503,3.9924827455596503,1.0,1.0,0.0,2.1708655246310826e-05,2031,2031,3.9924827455596503,2031.0,3.9924827455596503,2031,3.9924827455596503,4
triangle,nlg,additive,2507512415,L0,1,368,368,0.6314605107603043,0.6314605107603043,1.0,1.0,0.0004037133886979808,0.0017540626432475115,368,368,0.6314605107603043,368.0,0.6314605107603043,368,0.6314605107603043,4
triangle,nlg,additive,2507512415,L1-oracle,-1,2031,2031,3.992461036904404,3.992461036904404,1.0,1.0,3.7638486792116376e-05,0.0,2031,2031,3.992461036904404,2031.0,3.992461036904404,2031,3.992461036904404,4
triangle,nlg,additive,2507512415,L1-oracle,1,368,368,0.6301771546083034,0.6301771546083034,1.0,1.0,0.0005210667889521464,0.00047070649124658637,368,368,0.6301771546083034,368.0,0.6301771546083034,368,0.6301771546083034,4
triangle,nlg,additive,2507512415,L2,-1,2031,2031,3.992461036904404,3.992461036904404,1.0,1.0,0.0,,2031,2031,3.992461036904404,,,2031,3.992461036904404,4
triangle,nlg,additive,2507512415,L2,1,368,368,0.6297064481170568,0.6297064481170568,1.0,1.0,0.0,,368,368,0.6297064481170568,,,368,0.6297064481170568,4
triangle,nlg,additive,2830493979,L0,-1,2031,2031,3.8678155432512087,3.8678155432512087,1.0,1.0,0.0,2.6363429794784565e-06,2031,2031,3.8678155432512087,2031.0,3.8678155432512087,2031,3.8678155432512087,5
triangle,nlg,additive,2830493979,L0,1,347,347,0.6202368676118954,0.6202368676118954,1.0,1.0,0.0002086308347263979,0.0008908365510262861,347,347,0.6202368676118954,347.0,0.6202368676118954,347,0.6202368676118954,5
triangle,nlg,additive,2830493979,L1-oracle,-1,2031,2031,3.867812906908229,3.867812906908229,1.0,1.0,2.6050394897953072e-05,0.0,2031,2031,3.867812906908229,2031.0,3.867812906908229,2031,3.867812906908229,5
triangle,nlg,additive,2830493979,L1-oracle,1,347,347,0.6197090593589522,0.6197090593589522,1.0,1.0,0.00011940616123073155,0.0003630282980829902,347,347,0.6197090593589522,347.0,0.6197090593589522,347,0.6197090593589522,5
triangle,nlg,additive,2830493979,L2,-1,2031,2031,3.867812906908229,3.867812906908229,1.0,1.0,0.0,,2031,2031,3.867812906908229,,,2031,3.867812906908229,5
triangle,nlg,additive,2830493979,L2,1,347,347,0.6193460310608692,0.6193460310608692,1.0,1.0,0.0,,347,347,0.6193460310608692,,,347,0.6193460310608692,5
triangle,nlg,effect_modifying,3134173889,L0,-1,1995,1995,2.9738878209439976,2.9738878209439976,1.0,1.0,4.5018546993708014e-05,0.0,1995,1995,2.9738878209439976,1995.0,2.9738878209439976,1995,2.9738878209439976,0
triangle,nlg,effect_modifying,3134173889,L0,1,529,529,0.7500054625117974,0.7500054625117974,1.0,1.0,0.0010854536559391323,0.019720329949991733,529,529,0.7500054625117974,529.0,0.7500054625117974,529,0.7500054625117974,0
triangle,nlg,effect_modifying,3134173889,L1-oracle,-1,1995,1994,2.9738809360767586,2.9738809360767586,0.9994987468671679,1.0,1.1470387768701752e-05,-6.884867238987624e-06,1995,1995,2.9738809360767586,1995.0,2.9738809360767586,1994,2.9753162613222,0
triangle,nlg,effect_modifying,3134173889,L1-oracle,1,529,529,0.7360075968783163,0.7360075968783163,1.0,1.0,0.007504227360601871,0.005722464316510578,529,529,0.7360075968783163,529.0,0.7360075968783163,529,0.7360075968783163,0
triangle,nlg,effect_modifying,3134173889,L2,-1,1995,1995,2.9738878209439976,2.9738878209439976,1.0,1.0,0.0,,1995,1995,2.9738878209439976,,,1995,2.9738878209439976,0
triangle,nlg,effect_modifying,3134173889,L2,1,529,529,0.7302851325618057,0.7302851325618057,1.0,1.0,0.0,,529,529,0.7302851325618057,,,529,0.7302851325618057,0
triangle,nlg,effect_modifying,3888140183,L0,-1,1974,1974,2.9481953589106538,2.9481953589106538,1.0,1.0,0.0,1.3648060478210766e-05,1974,1974,2.9481953589106538,1974.0,2.9481953589106538,1974,2.9481953589106538,1
triangle,nlg,effect_modifying,3888140183,L0,1,500,500,0.7578970054732913,0.7578970054732913,1.0,1.0,0.00076216953853977,0.01798249921961692,500,500,0.7578970054732913,500.0,0.7578970054732913,500,0.7578970054732913,1
triangle,nlg,effect_modifying,3888140183,L1-oracle,-1,1974,1974,2.9481817108501756,2.9481817108501756,1.0,1.0,7.805460073333573e-07,0.0,1974,1974,2.9481817108501756,1974.0,2.9481817108501756,1974,2.9481817108501756,1
triangle,nlg,effect_modifying,3888140183,L1-oracle,1,500,499,0.7396897097199198,0.7396897097199198,0.998,1.0,0.00044355665025143864,-0.00022479653375462316,500,500,0.7396897097199198,500.0,0.7396897097199198,499,0.738243842466041,1
triangle,nlg,effect_modifying,3888140183,L2,-1,1974,1974,2.9481817108501756,2.9481817108501756,1.0,1.0,0.0,,1974,1974,2.9481817108501756,,,1974,2.9481817108501756,1
triangle,nlg,effect_modifying,3888140183,L2,1,500,500,0.7399145062536744,0.7399145062536744,1.0,1.0,0.0,,500,500,0.7399145062536744,,,500,0.7399145062536744,1
triangle,nlg,effect_modifying,242446310,L0,-1,1969,1969,2.9679735342512767,2.9679735342512767,1.0,1.0,9.936926076319028e-06,0.0,1969,1969,2.9679735342512767,1969.0,2.9679735342512767,1969,2.9679735342512767,2
triangle,nlg,effect_modifying,242446310,L0,1,576,576,0.741133270823474,0.741133270823474,1.0,1.0,0.0009584102094894341,0.017557908183798432,576,576,0.741133270823474,576.0,0.741133270823474,576,0.741133270823474,2
triangle,nlg,effect_modifying,242446310,L1-oracle,-1,1969,1969,2.9679735342512767,2.9679735342512767,1.0,1.0,3.124609410613751e-07,0.0,1969,1969,2.9679735342512767,1969.0,2.9679735342512767,1969,2.9679735342512767,2
triangle,nlg,effect_modifying,242446310,L1-oracle,1,576,576,0.7242597531400516,0.7242597531400516,1.0,1.0,0.001138815978028364,0.0006843905003760531,576,576,0.7242597531400516,576.0,0.7242597531400516,576,0.7242597531400516,2
triangle,nlg,effect_modifying,242446310,L2,-1,1969,1969,2.9679735342512767,2.9679735342512767,1.0,1.0,0.0,,1969,1969,2.9679735342512767,,,1969,2.9679735342512767,2
triangle,nlg,effect_modifying,242446310,L2,1,576,576,0.7235753626396756,0.7235753626396756,1.0,1.0,0.0,,576,576,0.7235753626396756,,,576,0.7235753626396756,2
triangle,nlg,effect_modifying,1421188080,L0,-1,1981,1981,2.979440197628293,2.979440197628293,1.0,1.0,2.3101653867130743e-05,0.0,1981,1981,2.979440197628293,1981.0,2.979440197628293,1981,2.979440197628293,3
triangle,nlg,effect_modifying,1421188080,L0,1,541,541,0.6909383608216199,0.6909383608216199,1.0,1.0,0.0012988400809540975,0.022896031980076836,541,541,0.6909383608216199,541.0,0.6909383608216199,541,0.6909383608216199,3
triangle,nlg,effect_modifying,1421188080,L1-oracle,-1,1981,1975,2.9794004131705805,2.9794004131705805,0.9969712266532055,1.0,0.00023101584690762896,-3.978445771268824e-05,1981,1981,2.9794004131705805,1981.0,2.9794004131705805,1975,2.9864732824443765,3
triangle,nlg,effect_modifying,1421188080,L1-oracle,1,541,541,0.6766345954518165,0.6766345954518165,1.0,1.0,0.010267223149773881,0.008592266610273458,541,541,0.6766345954518165,541.0,0.6766345954518165,541,0.6766345954518165,3
triangle,nlg,effect_modifying,1421188080,L2,-1,1981,1981,2.979440197628293,2.979440197628293,1.0,1.0,0.0,,1981,1981,2.979440197628293,,,1981,2.979440197628293,3
triangle,nlg,effect_modifying,1421188080,L2,1,541,541,0.668042328841543,0.668042328841543,1.0,1.0,0.0,,541,541,0.668042328841543,,,541,0.668042328841543,3
triangle,nlg,effect_modifying,2507512415,L0,-1,2026,2026,2.9700091098372585,2.9700091098372585,1.0,1.0,0.0,6.6038470176721376e-06,2026,2026,2.9700091098372585,2026.0,2.9700091098372585,2026,2.9700091098372585,4
triangle,nlg,effect_modifying,2507512415,L0,1,508,508,0.7593760996852056,0.7593760996852056,1.0,1.0,0.0007069847338245547,0.018045755378998996,508,508,0.7593760996852056,508.0,0.7593760996852056,508,0.7593760996852056,4
triangle,nlg,effect_modifying,2507512415,L1-oracle,-1,2026,2026,2.970002505990241,2.970002505990241,1.0,1.0,6.965655532649493e-07,0.0,2026,2026,2.970002505990241,2026.0,2.970002505990241,2026,2.970002505990241,4
triangle,nlg,effect_modifying,2507512415,L1-oracle,1,508,489,0.737838460809587,0.737838460809587,0.9625984251968503,1.0,0.00305356788261038,-0.0034918834966195522,508,508,0.737838460809587,508.0,0.737838460809587,489,0.709804795576741,4
triangle,nlg,effect_modifying,2507512415,L2,-1,2026,2026,2.970002505990241,2.970002505990241,1.0,1.0,0.0,,2026,2026,2.970002505990241,,,2026,2.970002505990241,4
triangle,nlg,effect_modifying,2507512415,L2,1,508,508,0.7413303443062066,0.7413303443062066,1.0,1.0,0.0,,508,508,0.7413303443062066,,,508,0.7413303443062066,4
triangle,nlg,effect_modifying,2830493979,L0,-1,2024,2024,2.9003109435877024,2.9003109435877024,1.0,1.0,9.32969145299922e-06,2.063762171644612e-05,2024,2024,2.9003109435877024,2024.0,2.9003109435877024,2024,2.9003109435877024,5
triangle,nlg,effect_modifying,2830493979,L0,1,511,511,0.717826953702798,0.717826953702798,1.0,1.0,0.0007129331198938455,0.01688001296357866,511,511,0.717826953702798,511.0,0.717826953702798,511,0.717826953702798,5
triangle,nlg,effect_modifying,2830493979,L1-oracle,-1,2024,2024,2.9003040643804634,2.9003040643804634,1.0,1.0,6.986620723303563e-06,1.3758414477482717e-05,2024,2024,2.9003040643804634,2024.0,2.9003040643804634,2024,2.9003040643804634,5
triangle,nlg,effect_modifying,2830493979,L1-oracle,1,511,475,0.6950313390090487,0.6950313390090487,0.9295499021526419,1.0,0.009965420975241062,-0.005915601730170694,511,511,0.6950313390090487,511.0,0.6950313390090487,475,0.6322521883889218,5
triangle,nlg,effect_modifying,2830493979,L2,-1,2024,2024,2.900290305965986,2.900290305965986,1.0,1.0,0.0,,2024,2024,2.900290305965986,,,2024,2.900290305965986,5
triangle,nlg,effect_modifying,2830493979,L2,1,511,511,0.7009469407392194,0.7009469407392194,1.0,1.0,0.0,,511,511,0.7009469407392194,,,511,0.7009469407392194,5
collider,linear,additive,3134173889,L0,-1,761,761,6.6637188386086965,6.6637188386086965,1.0,1.0,0.0,1.1590541377746195,761,761,6.6637188386086965,761.0,6.6637188386086965,761,6.6637188386086965,0
collider,linear,additive,3134173889,L0,1,104,104,0.9170266805558582,0.9170266805558582,1.0,1.0,0.1439786178958748,0.12147040686921451,104,104,0.9170266805558582,104.0,0.9170266805558582,104,0.9170266805558582,0
collider,linear,additive,3134173889,L1-oracle,-1,761,761,5.559752236764183,5.559752236764183,1.0,1.0,0.11547217844465223,0.05508753593010596,761,761,5.559752236764183,761.0,5.559752236764183,761,5.559752236764183,0
collider,linear,additive,3134173889,L1-oracle,1,104,104,0.801718285158838,0.801718285158838,1.0,1.0,0.013057628350894943,0.0061620114721943064,104,104,0.801718285158838,104.0,0.801718285158838,104,0.801718285158838,0
collider,linear,additive,3134173889,L2,-1,761,761,5.504664700834077,5.504664700834077,1.0,1.0,0.0,,761,761,5.504664700834077,,,761,5.504664700834077,0
collider,linear,additive,3134173889,L2,1,104,104,0.7955562736866437,0.7955562736866437,1.0,1.0,0.0,,104,104,0.7955562736866437,,,104,0.7955562736866437,0
collider,linear,additive,3888140183,L0,-1,717,717,6.960784072919123,6.960784072919123,1.0,1.0,0.0,1.1940983983099684,717,717,6.960784072919123,717.0,6.960784072919123,717,6.960784072919123,1
collider,linear,additive,3888140183,L0,1,132,132,0.973979383175072,0.973979383175072,1.0,1.0,0.11685303849799518,0.11725752583972648,132,132,0.973979383175072,132.0,0.973979383175072,132,0.973979383175072,1
collider,linear,additive,3888140183,L1-oracle,-1,717,717,5.858597499703383,5.858597499703383,1.0,1.0,0.16478929855516056,0.09191182509422902,717,717,5.858597499703383,717.0,5.858597499703383,717,5.858597499703383,1
collider,linear,additive,3888140183,L1-oracle,1,132,132,0.8607299237843957,0.8607299237843957,1.0,1.0,0.025989766498182593,0.004008066449050163,132,132,0.8607299237843957,132.0,0.8607299237843957,132,0.8607299237843957,1
collider,linear,additive,3888140183,L2,-1,717,717,5.766685674609154,5.766685674609154,1.0,1.0,0.0,,717,717,5.766685674609154,,,717,5.766685674609154,1
collider,linear,additive,3888140183,L2,1,132,132,0.8567218573353456,0.8567218573353456,1.0,1.0,0.0,,132,132,0.8567218573353456,,,132,0.8567218573353456,1
collider,linear,additive,242446310,L0,-1,743,743,6.955803028522021,6.955803028522021,1.0,1.0,0.0,1.1780053176681102,743,743,6.955803028522021,743.0,6.955803028522021,743,6.955803028522021,2
collider,linear,additive,242446310,L0,1,137,137,0.9804259567282946,0.9804259567282946,1.0,1.0,0.13733866235443762,0.14768775359698394,137,137,0.9804259567282946,137.0,0.9804259567282946,137,0.9804259567282946,2
collider,linear,additive,242446310,L1-oracle,-1,743,409,5.694133032636176,5.694133032636176,0.550471063257066,1.0,0.14695518686395928,-0.08366467821773416,743,743,5.694133032636176,743.0,5.694133032636176,409,5.624244365488157,2
collider,linear,additive,242446310,L1-oracle,1,137,132,0.8272306099143074,0.8272306099143074,0.9635036496350365,1.0,0.019808348350886025,-0.005507593217003226,137,137,0.8272306099143074,137.0,0.8272306099143074,132,0.8037760254337616,2
collider,linear,additive,242446310,L2,-1,743,743,5.7777977108539105,5.7777977108539105,1.0,1.0,0.0,,743,743,5.7777977108539105,,,743,5.7777977108539105,2
collider,linear,additive,242446310,L2,1,137,137,0.8327382031313106,0.8327382031313106,1.0,1.0,0.0,,137,137,0.8327382031313106,,,137,0.8327382031313106,2
collider,linear,additive,1421188080,L0,-1,732,732,7.046701524535418,7.046701524535418,1.0,1.0,0.0,1.2028909138781945,732,732,7.046701524535418,732.0,7.046701524535418,732,7.046701524535418,3
collider,linear,additive,1421188080,L0,1,132,132,1.014755920723764,1.014755920723764,1.0,1.0,0.13337006954636874,0.14062285870962932,132,132,1.014755920723764,132.0,1.014755920723764,132,1.014755920723764,3
collider,linear,additive,1421188080,L1-oracle,-1,732,368,5.715821729695861,5.715821729695861,0.5027322404371585,1.0,0.27828094513536755,-0.12798888096136274,732,732,5.715821729695861,732.0,5.715821729695861,368,5.5481055294935855,3
collider,linear,additive,1421188080,L1-oracle,1,132,126,0.8612603307882013,0.8612603307882013,0.9545454545454546,1.0,0.03753485898762438,-0.012872731225933354,132,132,0.8612603307882013,132.0,0.8612603307882013,126,0.82208242363298,3
collider,linear,additive,1421188080,L2,-1,732,732,5.843810610657224,5.843810610657224,1.0,1.0,0.0,,732,732,5.843810610657224,,,732,5.843810610657224,3
collider,linear,additive,1421188080,L2,1,132,132,0.8741330620141347,0.8741330620141347,1.0,1.0,0.0,,132,132,0.8741330620141347,,,132,0.8741330620141347,3
collider,linear,additive,2507512415,L0,-1,745,745,5.896813177620009,5.896813177620009,1.0,1.0,0.002716685284747218,0.6653676889333182,745,745,5.896813177620009,745.0,5.896813177620009,745,5.896813177620009,4
collider,linear,additive,2507512415,L0,1,116,116,0.8213976721426026,0.8213976721426026,1.0,1.0,0.3392136794728049,0.0613597520012934,116,116,0.8213976721426026,116.0,0.8213976721426026,116,0.8213976721426026,4
collider,linear,additive,2507512415,L1-oracle,-1,745,450,5.176469828896447,5.176469828896447,0.6040268456375839,1.0,0.2877414534640326,-0.054975659790244435,745,745,5.176469828896447,745.0,5.176469828896447,450,5.085824878775473,4
collider,linear,additive,2507512415,L1-oracle,1,116,110,0.7514885129920781,0.7514885129920781,0.9482758620689655,1.0,0.03801336945319982,-0.008549407149231136,116,116,0.7514885129920781,116.0,0.7514885129920781,110,0.7349460392523953,4
collider,linear,additive,2507512415,L2,-1,745,745,5.231445488686691,5.231445488686691,1.0,1.0,0.0,,745,745,5.231445488686691,,,745,5.231445488686691,4
collider,linear,additive,2507512415,L2,1,116,116,0.7600379201413092,0.7600379201413092,1.0,1.0,0.0,,116,116,0.7600379201413092,,,116,0.7600379201413092,4
collider,linear,additive,2830493979,L0,-1,732,732,6.467682775056169,6.467682775056169,1.0,1.0,0.0,1.038657992552447,732,732,6.467682775056169,732.0,6.467682775056169,732,6.467682775056169,5
collider,linear,additive,2830493979,L0,1,161,161,0.7926972434340858,0.7926972434340858,1.0,1.0,0.20310334872204774,0.0876111115320275,161,161,0.7926972434340858,161.0,0.7926972434340858,161,0.7926972434340858,5
collider,linear,additive,2830493979,L1-oracle,-1,732,732,5.475862567654349,5.475862567654349,1.0,1.0,0.14006492287677066,0.04683778515062631,732,732,5.475862567654349,732.0,5.475862567654349,732,5.475862567654349,5
collider,linear,additive,2830493979,L1-oracle,1,161,161,0.7100175094604785,0.7100175094604785,1.0,1.0,0.015953804567250072,0.0049313775584202135,161,161,0.7100175094604785,161.0,0.7100175094604785,161,0.7100175094604785,5
collider,linear,additive,2830493979,L2,-1,732,732,5.429024782503722,5.429024782503722,1.0,1.0,0.0,,732,732,5.429024782503722,,,732,5.429024782503722,5
collider,linear,additive,2830493979,L2,1,161,161,0.7050861319020583,0.7050861319020583,1.0,1.0,0.0,,161,161,0.7050861319020583,,,161,0.7050861319020583,5
collider,linear,effect_modifying,3134173889,L0,-1,761,761,6.748090193721689,6.748090193721689,1.0,1.0,0.0,0.4269897864467582,761,761,6.748090193721689,761.0,6.748090193721689,761,6.748090193721689,0
collider,linear,effect_modifying,3134173889,L0,1,124,124,0.9801255017514734,0.9801255017514734,1.0,1.0,0.17696585517369418,0.19384957209813813,124,124,0.9801255017514734,124.0,0.9801255017514734,124,0.9801255017514734,0
collider,linear,effect_modifying,3134173889,L1-oracle,-1,761,761,6.42568021186272,6.42568021186272,1.0,1.0,0.19439753935531864,0.10457980458778948,761,761,6.42568021186272,761.0,6.42568021186272,761,6.42568021186272,0
collider,linear,effect_modifying,3134173889,L1-oracle,1,124,124,0.7862759296533353,0.7862759296533353,1.0,1.0,0.006926302066423263,0.0,124,124,0.7862759296533353,124.0,0.7862759296533353,124,0.7862759296533353,0
collider,linear,effect_modifying,3134173889,L2,-1,761,761,6.321100407274931,6.321100407274931,1.0,1.0,0.0,,761,761,6.321100407274931,,,761,6.321100407274931,0
collider,linear,effect_modifying,3134173889,L2,1,124,124,0.7862759296533353,0.7862759296533353,1.0,1.0,0.0,,124,124,0.7862759296533353,,,124,0.7862759296533353,0
collider,linear,effect_modifying,3888140183,L0,-1,717,717,6.896639193661496,6.896639193661496,1.0,1.0,0.0,0.7208542662474731,717,717,6.896639193661496,717.0,6.896639193661496,717,6.896639193661496,1
collider,linear,effect_modifying,3888140183,L0,1,141,141,1.0508942198708366,1.0508942198708366,1.0,1.0,0.15872602137890654,0.20327248962348787,141,141,1.0508942198708366,141.0,1.0508942198708366,141,1.0508942198708366,1
collider,linear,effect_modifying,3888140183,L1-oracle,-1,717,717,6.251454381979439,6.251454381979439,1.0,1.0,0.14893721097727503,0.07566945456541596,717,717,6.251454381979439,717.0,6.251454381979439,717,6.251454381979439,1
collider,linear,effect_modifying,3888140183,L1-oracle,1,141,141,0.8495163255176346,0.8495163255176346,1.0,1.0,0.032849025962549766,0.0018945952702857927,141,141,0.8495163255176346,141.0,0.8495163255176346,141,0.8495163255176346,1
collider,linear,effect_modifying,3888140183,L2,-1,717,717,6.175784927414023,6.175784927414023,1.0,1.0,0.0,,717,717,6.175784927414023,,,717,6.175784927414023,1
collider,linear,effect_modifying,3888140183,L2,1,141,141,0.8476217302473488,0.8476217302473488,1.0,1.0,0.0,,141,141,0.8476217302473488,,,141,0.8476217302473488,1
collider,linear,effect_modifying,242446310,L0,-1,743,743,6.8630536887662315,6.8630536887662315,1.0,1.0,0.0,0.6759428211051697,743,743,6.8630536887662315,743.0,6.8630536887662315,743,6.8630536887662315,2
collider,linear,effect_modifying,242446310,L0,1,151,151,1.0213274277877302,1.0213274277877302,1.0,1.0,0.1668187635170329,0.21077434686456553,151,151,1.0213274277877302,151.0,1.0213274277877302,151,1.0213274277877302,2
collider,linear,effect_modifying,242446310,L1-oracle,-1,743,699,6.18917245922408,6.18917245922408,0.9407806191117093,1.0,0.024676935433991836,0.002061591563018439,743,743,6.18917245922408,743.0,6.18917245922408,699,6.190920803456303,2
collider,linear,effect_modifying,242446310,L1-oracle,1,151,136,0.7922540470661164,0.7922540470661164,0.9006622516556292,1.0,0.04438911024966355,-0.01829903385704834,151,151,0.7922540470661164,151.0,0.7922540470661164,136,0.7346875359249585,2
collider,linear,effect_modifying,242446310,L2,-1,743,743,6.187110867661062,6.187110867661062,1.0,1.0,0.0,,743,743,6.187110867661062,,,743,6.187110867661062,2
collider,linear,effect_modifying,242446310,L2,1,151,151,0.8105530809231647,0.8105530809231647,1.0,1.0,0.0,,151,151,0.8105530809231647,,,151,0.8105530809231647,2
collider,linear,effect_modifying,1421188080,L0,-1,732,732,6.968647490937939,6.968647490937939,1.0,1.0,0.0,0.6922575558930175,732,732,6.968647490937939,732.0,6.968647490937939,732,6.968647490937939,3
collider,linear,effect_modifying,1421188080,L0,1,149,149,1.0518043960985248,1.0518043960985248,1.0,1.0,0.17364891769748572,0.20456350525368538,149,149,1.0518043960985248,149.0,1.0518043960985248,149,1.0518043960985248,3
collider,linear,effect_modifying,1421188080,L1-oracle,-1,732,5,6.143737211589331,6.143737211589331,0.006830601092896175,1.0,0.26355584627875855,-0.13265272345559076,732,732,6.143737211589331,732.0,6.143737211589331,5,3.6007703891637868,3
collider,linear,effect_modifying,1421188080,L1-oracle,1,149,137,0.8303599351871296,0.8303599351871296,0.9194630872483222,1.0,0.0434425127492056,-0.016880955657709862,149,149,0.8303599351871296,149.0,0.8303599351871296,137,0.801989780689118,3
collider,linear,effect_modifying,1421188080,L2,-1,732,732,6.2763899350449215,6.2763899350449215,1.0,1.0,0.0,,732,732,6.2763899350449215,,,732,6.2763899350449215,3
collider,linear,effect_modifying,1421188080,L2,1,149,149,0.8472408908448394,0.8472408908448394,1.0,1.0,0.0,,149,149,0.8472408908448394,,,149,0.8472408908448394,3
collider,linear,effect_modifying,2507512415,L0,-1,745,745,5.75559390958495,5.75559390958495,1.0,1.0,0.0481656054970596,0.331787576261938,745,745,5.75559390958495,745.0,5.75559390958495,745,5.75559390958495,4
collider,linear,effect_modifying,2507512415,L0,1,120,120,0.8419023003117512,0.8419023003117512,1.0,1.0,0.37777557237490367,0.08324275887217547,120,120,0.8419023003117512,120.0,0.8419023003117512,120,0.8419023003117512,4
collider,linear,effect_modifying,2507512415,L1-oracle,-1,745,530,5.341177349199872,5.341177349199872,0.7114093959731543,1.0,0.42198111684372225,-0.08262898412314001,745,745,5.341177349199872,745.0,5.341177349199872,530,5.33222448591118,4
collider,linear,effect_modifying,2507512415,L1-oracle,1,120,117,0.755591167362941,0.755591167362941,0.975,1.0,0.024343115189197448,-0.003068374076634739,120,120,0.755591167362941,120.0,0.755591167362941,117,0.7393637405931152,4
collider,linear,effect_modifying,2507512415,L2,-1,745,745,5.423806333323012,5.423806333323012,1.0,1.0,0.0,,745,745,5.423806333323012,,,745,5.423806333323012,4
collider,linear,effect_modifying,2507512415,L2,1,120,120,0.7586595414395757,0.7586595414395757,1.0,1.0,0.0,,120,120,0.7586595414395757,,,120,0.7586595414395757,4
collider,linear,effect_modifying,2830493979,L0,-1,732,732,6.780200877051399,6.780200877051399,1.0,1.0,0.0,0.7342309125475168,732,732,6.780200877051399,732.0,6.780200877051399,732,6.780200877051399,5
collider,linear,effect_modifying,2830493979,L0,1,164,164,0.8702811394739352,0.8702811394739352,1.0,1.0,0.2195398829162976,0.12436353982516035,164,164,0.8702811394739352,164.0,0.8702811394739352,164,0.8702811394739352,5
collider,linear,effect_modifying,2830493979,L1-oracle,-1,732,658,6.041868497896565,6.041868497896565,0.8989071038251366,1.0,0.015828297052671324,-0.004101466607317583,732,732,6.041868497896565,732.0,6.041868497896565,658,6.040027770687452,5
collider,linear,effect_modifying,2830493979,L1-oracle,1,164,164,0.7509823355734035,0.7509823355734035,1.0,1.0,0.0416987724773566,0.005064735924628749,164,164,0.7509823355734035,164.0,0.7509823355734035,164,0.7509823355734035,5
collider,linear,effect_modifying,2830493979,L2,-1,732,732,6.0459699645038825,6.0459699645038825,1.0,1.0,0.0,,732,732,6.0459699645038825,,,732,6.0459699645038825,5
collider,linear,effect_modifying,2830493979,L2,1,164,164,0.7459175996487748,0.7459175996487748,1.0,1.0,0.0,,164,164,0.7459175996487748,,,164,0.7459175996487748,5
collider,nlg,additive,3134173889,L0,-1,761,761,2.7404330792564098,2.7404330792564098,1.0,1.0,0.0,0.49411712262053964,761,761,2.7404330792564098,761.0,2.7404330792564098,761,2.7404330792564098,0
collider,nlg,additive,3134173889,L0,1,173,173,0.4801114481798075,0.4801114481798075,1.0,1.0,0.08386241785205219,0.09019606877602998,173,173,0.4801114481798075,173.0,0.4801114481798075,173,0.4801114481798075,0
collider,nlg,additive,3134173889,L1-oracle,-1,761,761,2.3403629451723686,2.3403629451723686,1.0,1.0,0.17590106905039649,0.09404698853649851,761,761,2.3403629451723686,761.0,2.3403629451723686,761,2.3403629451723686,0
collider,nlg,additive,3134173889,L1-oracle,1,173,173,0.39987512185549945,0.39987512185549945,1.0,1.0,0.029210409209882722,0.009959742451721931,173,173,0.39987512185549945,173.0,0.39987512185549945,173,0.39987512185549945,0
collider,nlg,additive,3134173889,L2,-1,761,761,2.24631595663587,2.24631595663587,1.0,1.0,0.0,,761,761,2.24631595663587,,,761,2.24631595663587,0
collider,nlg,additive,3134173889,L2,1,173,173,0.3899153794037775,0.3899153794037775,1.0,1.0,0.0,,173,173,0.3899153794037775,,,173,0.3899153794037775,0
collider,nlg,additive,3888140183,L0,-1,717,717,2.902444858779943,2.902444858779943,1.0,1.0,0.0,0.5219384831178981,717,717,2.902444858779943,717.0,2.902444858779943,717,2.902444858779943,1
collider,nlg,additive,3888140183,L0,1,195,195,0.5198600997497893,0.5198600997497893,1.0,1.0,0.07200060713705332,0.09265211221722214,195,195,0.5198600997497893,195.0,0.5198600997497893,195,0.5198600997497893,1
collider,nlg,additive,3888140183,L1-oracle,-1,717,716,2.475047598264897,2.475047598264897,0.99860529986053,1.0,0.1670690292821905,0.09454122260285214,717,717,2.475047598264897,717.0,2.475047598264897,716,2.474644582902825,1
collider,nlg,additive,3888140183,L1-oracle,1,195,191,0.43619826113828575,0.43619826113828575,0.9794871794871794,1.0,0.02998327662823921,0.00899027360571858,195,195,0.43619826113828575,195.0,0.43619826113828575,191,0.4382274878750016,1
collider,nlg,additive,3888140183,L2,-1,717,717,2.380506375662045,2.380506375662045,1.0,1.0,0.0,,717,717,2.380506375662045,,,717,2.380506375662045,1
collider,nlg,additive,3888140183,L2,1,195,195,0.42720798753256717,0.42720798753256717,1.0,1.0,0.0,,195,195,0.42720798753256717,,,195,0.42720798753256717,1
collider,nlg,additive,242446310,L0,-1,743,743,2.650823846801002,2.650823846801002,1.0,1.0,0.0,0.5052237401779465,743,743,2.650823846801002,743.0,2.650823846801002,743,2.650823846801002,2
collider,nlg,additive,242446310,L0,1,179,179,0.5004277804725806,0.5004277804725806,1.0,1.0,0.09973515181912998,0.10139835897204075,179,179,0.5004277804725806,179.0,0.5004277804725806,179,0.5004277804725806,2
collider,nlg,additive,242446310,L1-oracle,-1,743,212,2.0862703953137256,2.0862703953137256,0.2853297442799462,1.0,0.13356351051787815,-0.05932971130933007,743,743,2.0862703953137256,743.0,2.0862703953137256,212,1.8540377102542611,2
collider,nlg,additive,242446310,L1-oracle,1,179,157,0.39172738869135426,0.39172738869135426,0.8770949720670391,1.0,0.02440719256168771,-0.007302032809185621,179,179,0.39172738869135426,179.0,0.39172738869135426,157,0.35654629465858956,2
collider,nlg,additive,242446310,L2,-1,743,743,2.1456001066230557,2.1456001066230557,1.0,1.0,0.0,,743,743,2.1456001066230557,,,743,2.1456001066230557,2
collider,nlg,additive,242446310,L2,1,179,179,0.3990294215005399,0.3990294215005399,1.0,1.0,0.0,,179,179,0.3990294215005399,,,179,0.3990294215005399,2
collider,nlg,additive,1421188080,L0,-1,732,732,2.732297308875511,2.732297308875511,1.0,1.0,0.0003964363291732157,0.5115441230858839,732,732,2.732297308875511,732.0,2.732297308875511,732,2.732297308875511,3
collider,nlg,additive,1421188080,L0,1,188,188,0.5032762992104988,0.5032762992104988,1.0,1.0,0.08157876326457143,0.09429948798272869,188,188,0.5032762992104988,188.0,0.5032762992104988,188,0.5032762992104988,3
collider,nlg,additive,1421188080,L1-oracle,-1,732,18,2.0783831214552446,2.0783831214552446,0.02459016393442623,1.0,0.30903052597737674,-0.14237006433438237,732,732,2.0783831214552446,732.0,2.0783831214552446,18,1.2373856094423166,3
collider,nlg,additive,1421188080,L1-oracle,1,188,134,0.3862780546793589,0.3862780546793589,0.7127659574468085,1.0,0.05489145837488241,-0.022698756548411192,188,188,0.3862780546793589,188.0,0.3862780546793589,134,0.318075793076863,3
collider,nlg,additive,1421188080,L2,-1,732,732,2.220753185789627,2.220753185789627,1.0,1.0,0.0,,732,732,2.220753185789627,,,732,2.220753185789627,3
collider,nlg,additive,1421188080,L2,1,188,188,0.4089768112277701,0.4089768112277701,1.0,1.0,0.0,,188,188,0.4089768112277701,,,188,0.4089768112277701,3
collider,nlg,additive,2507512415,L0,-1,745,745,2.604002863231539,2.604002863231539,1.0,1.0,0.0001345102381033555,0.4800752626971865,745,745,2.604002863231539,745.0,2.604002863231539,745,2.604002863231539,4
collider,nlg,additive,2507512415,L0,1,165,165,0.46819451355363684,0.46819451355363684,1.0,1.0,0.08634647873219362,0.08676474573680171,165,165,0.46819451355363684,165.0,0.46819451355363684,165,0.46819451355363684,4
collider,nlg,additive,2507512415,L1-oracle,-1,745,3,1.9791758785430054,1.9791758785430054,0.004026845637583893,1.0,0.3242933066450528,-0.14475172199134723,745,745,1.9791758785430054,745.0,1.9791758785430054,3,0.4965732654395885,4
collider,nlg,additive,2507512415,L1-oracle,1,165,103,0.360665142218258,0.360665142218258,0.6242424242424243,1.0,0.05485438893256676,-0.020764625598577113,165,165,0.360665142218258,165.0,0.360665142218258,103,0.248930061402467,4
collider,nlg,additive,2507512415,L2,-1,745,745,2.1239276005343526,2.1239276005343526,1.0,1.0,0.0,,745,745,2.1239276005343526,,,745,2.1239276005343526,4
collider,nlg,additive,2507512415,L2,1,165,165,0.38142976781683513,0.38142976781683513,1.0,1.0,0.0,,165,165,0.38142976781683513,,,165,0.38142976781683513,4
collider,nlg,additive,2830493979,L0,-1,732,732,2.6004404925080014,2.6004404925080014,1.0,1.0,0.0010061784953488127,0.48987481034326086,732,732,2.6004404925080014,732.0,2.6004404925080014,732,2.6004404925080014,5
collider,nlg,additive,2830493979,L0,1,181,181,0.43887310974594507,0.43887310974594507,1.0,1.0,0.10840840462530527,0.08603738871931799,181,181,0.43887310974594507,181.0,0.43887310974594507,181,0.43887310974594507,5
collider,nlg,additive,2830493979,L1-oracle,-1,732,732,2.156339153138969,2.156339153138969,1.0,1.0,0.11210688347138134,0.04577347097422857,732,732,2.156339153138969,732.0,2.156339153138969,732,2.156339153138969,5
collider,nlg,additive,2830493979,L1-oracle,1,181,181,0.3571952592934345,0.3571952592934345,1.0,1.0,0.017708678328267308,0.004359538266807406,181,181,0.3571952592934345,181.0,0.3571952592934345,181,0.3571952592934345,5
collider,nlg,additive,2830493979,L2,-1,732,732,2.1105656821647405,2.1105656821647405,1.0,1.0,0.0,,732,732,2.1105656821647405,,,732,2.1105656821647405,5
collider,nlg,additive,2830493979,L2,1,181,181,0.3528357210266271,0.3528357210266271,1.0,1.0,0.0,,181,181,0.3528357210266271,,,181,0.3528357210266271,5
collider,nlg,effect_modifying,3134173889,L0,-1,761,761,2.7261820864907174,2.7261820864907174,1.0,1.0,0.0,0.28888632255635915,761,761,2.7261820864907174,761.0,2.7261820864907174,761,2.7261820864907174,0
collider,nlg,effect_modifying,3134173889,L0,1,180,180,0.4820438224000884,0.4820438224000884,1.0,1.0,0.1048209062014691,0.11895376921318218,180,180,0.4820438224000884,180.0,0.4820438224000884,180,0.4820438224000884,0
collider,nlg,effect_modifying,3134173889,L1-oracle,-1,761,761,2.578338808035541,2.578338808035541,1.0,1.0,0.24573578728057804,0.14104304410118296,761,761,2.578338808035541,761.0,2.578338808035541,761,2.578338808035541,0
collider,nlg,effect_modifying,3134173889,L1-oracle,1,180,179,0.36558700005247385,0.36558700005247385,0.9944444444444445,1.0,0.013749174298534086,0.0024969468655676175,180,180,0.36558700005247385,180.0,0.36558700005247385,179,0.36682373489106596,0
collider,nlg,effect_modifying,3134173889,L2,-1,761,761,2.437295763934358,2.437295763934358,1.0,1.0,0.0,,761,761,2.437295763934358,,,761,2.437295763934358,0
collider,nlg,effect_modifying,3134173889,L2,1,180,180,0.36309005318690624,0.36309005318690624,1.0,1.0,0.0,,180,180,0.36309005318690624,,,180,0.36309005318690624,0
collider,nlg,effect_modifying,3888140183,L0,-1,717,717,2.904769055754246,2.904769055754246,1.0,1.0,0.0,0.31242631444246616,717,717,2.904769055754246,717.0,2.904769055754246,717,2.904769055754246,1
collider,nlg,effect_modifying,3888140183,L0,1,193,193,0.5372329493443151,0.5372329493443151,1.0,1.0,0.08653758382324626,0.1296369854057181,193,193,0.5372329493443151,193.0,0.5372329493443151,193,0.5372329493443151,1
collider,nlg,effect_modifying,3888140183,L1-oracle,-1,717,693,2.6391030781972833,2.6391030781972833,0.9665271966527197,1.0,0.08069962224074095,0.046760336885503406,717,717,2.6391030781972833,717.0,2.6391030781972833,693,2.6398615562468275,1
collider,nlg,effect_modifying,3888140183,L1-oracle,1,193,193,0.42379723933919317,0.42379723933919317,1.0,1.0,0.04648273711437734,0.016201275400596182,193,193,0.42379723933919317,193.0,0.42379723933919317,193,0.42379723933919317,1
collider,nlg,effect_modifying,3888140183,L2,-1,717,717,2.59234274131178,2.59234274131178,1.0,1.0,0.0,,717,717,2.59234274131178,,,717,2.59234274131178,1
collider,nlg,effect_modifying,3888140183,L2,1,193,193,0.407595963938597,0.407595963938597,1.0,1.0,0.0,,193,193,0.407595963938597,,,193,0.407595963938597,1
collider,nlg,effect_modifying,242446310,L0,-1,743,743,2.6203334874052464,2.6203334874052464,1.0,1.0,0.0,0.34329975880133023,743,743,2.6203334874052464,743.0,2.6203334874052464,743,2.6203334874052464,2
collider,nlg,effect_modifying,242446310,L0,1,186,186,0.4963221216315048,0.4963221216315048,1.0,1.0,0.12145714817149758,0.11980606126851145,186,186,0.4963221216315048,186.0,0.4963221216315048,186,0.4963221216315048,2
collider,nlg,effect_modifying,242446310,L1-oracle,-1,743,723,2.2932494842331947,2.2932494842331947,0.9730820995962315,1.0,0.04454584773538824,0.016215755629278572,743,743,2.2932494842331947,743.0,2.2932494842331947,723,2.310058208997519,2
collider,nlg,effect_modifying,242446310,L1-oracle,1,186,130,0.35694276596826857,0.35694276596826857,0.6989247311827957,1.0,0.05550813846287712,-0.01957329439472477,186,186,0.35694276596826857,186.0,0.35694276596826857,130,0.2729920513721526,2
collider,nlg,effect_modifying,242446310,L2,-1,743,743,2.277033728603916,2.277033728603916,1.0,1.0,0.0,,743,743,2.277033728603916,,,743,2.277033728603916,2
collider,nlg,effect_modifying,242446310,L2,1,186,186,0.37651606036299334,0.37651606036299334,1.0,1.0,0.0,,186,186,0.37651606036299334,,,186,0.37651606036299334,2
collider,nlg,effect_modifying,1421188080,L0,-1,732,732,2.7242997538367413,2.7242997538367413,1.0,1.0,0.00042576771338178845,0.3482988582696178,732,732,2.7242997538367413,732.0,2.7242997538367413,732,2.7242997538367413,3
collider,nlg,effect_modifying,1421188080,L0,1,187,187,0.527271310991693,0.527271310991693,1.0,1.0,0.11209626223659702,0.1265810189319369,187,187,0.527271310991693,187.0,0.527271310991693,187,0.527271310991693,3
collider,nlg,effect_modifying,1421188080,L1-oracle,-1,732,13,2.2401290375102585,2.2401290375102585,0.017759562841530054,1.0,0.27305847473556955,-0.13587185805686497,732,732,2.2401290375102585,732.0,2.2401290375102585,13,2.007588446592801,3
collider,nlg,effect_modifying,1421188080,L1-oracle,1,187,129,0.3773233366513655,0.3773233366513655,0.6898395721925134,1.0,0.06290186755292018,-0.023366955408390566,187,187,0.3773233366513655,187.0,0.3773233366513655,129,0.296777398683277,3
collider,nlg,effect_modifying,1421188080,L2,-1,732,732,2.3760008955671235,2.3760008955671235,1.0,1.0,0.0,,732,732,2.3760008955671235,,,732,2.3760008955671235,3
collider,nlg,effect_modifying,1421188080,L2,1,187,187,0.4006902920597561,0.4006902920597561,1.0,1.0,0.0,,187,187,0.4006902920597561,,,187,0.4006902920597561,3
collider,nlg,effect_modifying,2507512415,L0,-1,745,745,2.6625639678374813,2.6625639678374813,1.0,1.0,0.00020427365476820587,0.29584947038815956,745,745,2.6625639678374813,745.0,2.6625639678374813,745,2.6625639678374813,4
collider,nlg,effect_modifying,2507512415,L0,1,172,172,0.4923818091675262,0.4923818091675262,1.0,1.0,0.10423951455357532,0.11821042964651096,172,172,0.4923818091675262,172.0,0.4923818091675262,172,0.4923818091675262,4
collider,nlg,effect_modifying,2507512415,L1-oracle,-1,745,0,2.1052802988553805,2.1052802988553805,0.0,1.0,0.5040967219208596,-0.26143419859394124,745,745,2.1052802988553805,745.0,2.1052802988553805,0,,4
collider,nlg,effect_modifying,2507512415,L1-oracle,1,172,134,0.3625110812765648,0.3625110812765648,0.7790697674418605,1.0,0.028352001024368176,-0.011660298244450473,172,172,0.3625110812765648,172.0,0.3625110812765648,134,0.2939505120415826,4
collider,nlg,effect_modifying,2507512415,L2,-1,745,745,2.3667144974493217,2.3667144974493217,1.0,1.0,0.0,,745,745,2.3667144974493217,,,745,2.3667144974493217,4
collider,nlg,effect_modifying,2507512415,L2,1,172,172,0.37417137952101526,0.37417137952101526,1.0,1.0,0.0,,172,172,0.37417137952101526,,,172,0.37417137952101526,4
collider,nlg,effect_modifying,2830493979,L0,-1,732,732,2.564214036851081,2.564214036851081,1.0,1.0,0.0011462055375462373,0.35157133437246735,732,732,2.564214036851081,732.0,2.564214036851081,732,2.564214036851081,5
collider,nlg,effect_modifying,2830493979,L0,1,188,188,0.433827014862904,0.433827014862904,1.0,1.0,0.12710625194280453,0.0949931592802683,188,188,0.433827014862904,188.0,0.433827014862904,188,0.433827014862904,5
collider,nlg,effect_modifying,2830493979,L1-oracle,-1,732,51,2.1661363367236315,2.1661363367236315,0.06967213114754098,1.0,0.11524547409126266,-0.04650636575498224,732,732,2.1661363367236315,732.0,2.1661363367236315,51,1.5235574409810466,5
collider,nlg,effect_modifying,2830493979,L1-oracle,1,188,188,0.35027203173409915,0.35027203173409915,1.0,1.0,0.049995828435630066,0.011438176151463475,188,188,0.35027203173409915,188.0,0.35027203173409915,188,0.35027203173409915,5
collider,nlg,effect_modifying,2830493979,L2,-1,732,732,2.2126427024786137,2.2126427024786137,1.0,1.0,0.0,,732,732,2.2126427024786137,,,732,2.2126427024786137,5
collider,nlg,effect_modifying,2830493979,L2,1,188,188,0.3388338555826357,0.3388338555826357,1.0,1.0,0.0,,188,188,0.3388338555826357,,,188,0.3388338555826357,5
