topology,family,regime,seed,condition,N_eligible_total,Δ_cost,Δ_dist,Gap_cost,Gap_validity_A_neg,Gap_validity_A_pos,ValidityDisp,N_common_found_threeway_total,N_common_found_threeway_min_group,Δ_cost_common_found_threeway,Δ_cost_valid_subset,seed_idx
triangle,linear,additive,3134173889,L0,2415,3.876506391855785,3.8754143214361934,0.0010920704195918063,0.0,0.0,0.0,2415,411,3.876506391855785,3.876506391855785,0
triangle,linear,additive,3134173889,L1-oracle,2415,3.7631441636493235,,0.0,0.0,0.0,0.0,2415,411,3.7631441636493235,3.7631441636493235,0
triangle,linear,additive,3134173889,L2,2415,3.7110407999021384,,0.0,0.0,0.0,0.0,2415,411,3.7110407999021384,3.7110407999021384,0
triangle,linear,additive,3888140183,L0,2390,3.9094759914824664,3.9082140260801346,0.0012619654023318105,0.0,0.0,0.0,2390,410,3.9094759914824664,3.9094759914824664,1
triangle,linear,additive,3888140183,L1-oracle,2390,3.704773597357334,,0.0,0.0,0.0,0.0,2390,410,3.704773597357334,3.704773597357334,1
triangle,linear,additive,3888140183,L2,2390,3.6998722686464953,,0.0,0.0,0.0,0.0,2390,410,3.6998722686464953,3.6998722686464953,1
triangle,linear,additive,242446310,L0,2430,3.9474701418643234,3.9463719538636055,0.0010981880007179257,0.0,0.0,0.0,2430,456,3.9474701418643234,3.9474701418643234,2
triangle,linear,additive,242446310,L1-oracle,2430,3.8247093988340604,,0.0,0.032928064842958515,0.002192982456140302,-0.030735082386818213,2430,456,3.8247093988340604,3.8174271675932943,2
triangle,linear,additive,242446310,L2,2430,3.8282139594520963,,0.0,0.0,0.0,0.0,2430,456,3.8282139594520963,3.8282139594520963,2
triangle,linear,additive,1421188080,L0,2412,3.9448261657571626,3.9433789339643837,0.0014472317927789469,0.0,0.0,0.0,2412,426,3.9448261657571626,3.9448261657571626,3
triangle,linear,additive,1421188080,L1-oracle,2412,3.649110032654571,,0.0,0.07150050352467274,0.0023474178403756207,-0.06915308568429712,2412,426,3.649110032654571,3.628191037002575,3
triangle,linear,additive,1421188080,L2,2412,3.6569258717314734,,0.0,0.0,0.0,0.0,2412,426,3.6569258717314734,3.6569258717314734,3
triangle,linear,additive,2507512415,L0,2430,3.9209066236399774,3.919939668964722,0.000966954675255316,0.0,0.0,0.0,2430,399,3.9209066236399774,3.9209066236399774,4
triangle,linear,additive,2507512415,L1-oracle,2430,3.7882414968815876,,0.0,0.0,0.0,0.0,2430,399,3.7882414968815876,3.7882414968815876,4
triangle,linear,additive,2507512415,L2,2430,3.757926192955369,,0.0,0.0,0.0,0.0,2430,399,3.757926192955369,3.757926192955369,4
triangle,linear,additive,2830493979,L0,2401,3.787963276106655,3.786944494349105,0.0010187817575499913,0.0,0.0,0.0,2401,370,3.787963276106655,3.787963276106655,5
triangle,linear,additive,2830493979,L1-oracle,2401,3.7847161525468893,,0.0,0.0,0.0,0.0,2401,370,3.7847161525468893,3.7847161525468893,5
triangle,linear,additive,2830493979,L2,2401,3.7122633462915915,,0.0,0.0,0.0,0.0,2401,370,3.7122633462915915,3.7122633462915915,5
triangle,linear,effect_modifying,3134173889,L0,2592,2.704100030533811,2.7037090137882105,0.00039101674560049204,0.0,0.0,0.0,2592,589,2.704100030533811,2.704100030533811,0
triangle,linear,effect_modifying,3134173889,L1-oracle,2592,2.901124264017243,,0.0,0.0,0.0,0.0,2592,589,2.901124264017243,2.901124264017243,0
triangle,linear,effect_modifying,3134173889,L2,2592,2.9170408017194087,,0.0,0.0,0.0,0.0,2592,589,2.9170408017194087,2.9170408017194087,0
triangle,linear,effect_modifying,3888140183,L0,2519,2.5945580627020695,2.594414291828982,0.00014377087308758973,0.0,0.0,0.0,2519,540,2.5945580627020695,2.5945580627020695,1
triangle,linear,effect_modifying,3888140183,L1-oracle,2519,2.808254060982931,,0.0,0.0,0.01851851851851849,0.01851851851851849,2519,540,2.808254060982931,2.8174766950628873,1
triangle,linear,effect_modifying,3888140183,L2,2519,2.8061726115963133,,0.0,0.0,0.0,0.0,2519,540,2.8061726115963133,2.8061726115963133,1
triangle,linear,effect_modifying,242446310,L0,2596,2.847303558706453,2.8466227414507537,0.0006808172556991288,0.0,0.0,0.0,2596,623,2.847303558706453,2.847303558706453,2
triangle,linear,effect_modifying,242446310,L1-oracle,2596,3.0597192768755774,,0.0,0.0,0.0,0.0,2596,623,3.0597192768755774,3.0597192768755774,2
triangle,linear,effect_modifying,242446310,L2,2596,3.063482691815626,,0.0,0.0,0.0,0.0,2596,623,3.063482691815626,3.063482691815626,2
triangle,linear,effect_modifying,1421188080,L0,2564,2.8715675592093612,2.8706368704886516,0.0009306887207096715,0.0,0.0,0.0,2564,580,2.8715675592093612,2.8715675592093612,3
triangle,linear,effect_modifying,1421188080,L1-oracle,2564,3.0538819894569826,,0.0,0.0005040322580645018,0.0,-0.0005040322580645018,2564,580,3.0538819894569826,3.0553817719906564,3
triangle,linear,effect_modifying,1421188080,L2,2564,3.0610097174697586,,0.0,0.0,0.0,0.0,2564,580,3.0610097174697586,3.0610097174697586,3
triangle,linear,effect_modifying,2507512415,L0,2606,2.7539715781134717,2.753566090344947,0.00040548776852489254,0.0,0.0,0.0,2606,576,2.7539715781134717,2.7539715781134717,4
triangle,linear,effect_modifying,2507512415,L1-oracle,2606,2.961372635359312,,0.0,0.0,0.0,0.0,2606,576,2.961372635359312,2.961372635359312,4
triangle,linear,effect_modifying,2507512415,L2,2606,2.963916504697227,,0.0,0.0,0.0,0.0,2606,576,2.963916504697227,2.963916504697227,4
triangle,linear,effect_modifying,2830493979,L0,2556,2.7314327642323506,2.7306374114530962,0.0007953527792543547,0.0,0.0,0.0,2556,526,2.7314327642323506,2.7314327642323506,5
triangle,linear,effect_modifying,2830493979,L1-oracle,2556,2.929496666601815,,0.0,0.0,0.0,0.0,2556,526,2.929496666601815,2.929496666601815,5
triangle,linear,effect_modifying,2830493979,L2,2556,2.9321811241519926,,0.0,0.0,0.0,0.0,2556,526,2.9321811241519926,2.9321811241519926,5
triangle,nlg,additive,3134173889,L0,2403,3.3385597515515104,3.3385060092860908,5.374226541965399e-05,0.0,0.0,0.0,2403,399,3.3385597515515104,3.3385597515515104,0
triangle,nlg,additive,3134173889,L1-oracle,2403,3.3392048500817504,,0.0,0.0,0.0,0.0,2403,399,3.3392048500817504,3.3392048500817504,0
triangle,nlg,additive,3134173889,L2,2403,3.3397518794302488,,0.0,0.0,0.0,0.0,2403,399,3.3397518794302488,3.3397518794302488,0
triangle,nlg,additive,3888140183,L0,2352,3.315614496326093,3.315614496326093,0.0,0.0,0.0,0.0,2352,372,3.315614496326093,3.315614496326093,1
triangle,nlg,additive,3888140183,L1-oracle,2352,3.3168963937130176,,0.0,0.0010101010101010166,0.008064516129032251,0.007054415118931234,2352,372,3.3168963937130176,3.31892127713646,1
triangle,nlg,additive,3888140183,L2,2352,3.3165945207334095,,0.0,0.0,0.0,0.0,2352,372,3.3165945207334095,3.3165945207334095,1
triangle,nlg,additive,242446310,L0,2406,3.3529813343673602,3.3529658166403435,1.551772701668952e-05,0.0,0.0,0.0,2406,432,3.3529813343673602,3.3529813343673602,2
triangle,nlg,additive,242446310,L1-oracle,2406,3.3541052214947578,,0.0,0.0,0.0,0.0,2406,432,3.3541052214947578,3.3541052214947578,2
triangle,nlg,additive,242446310,L2,2406,3.3541052214947578,,0.0,0.0,0.0,0.0,2406,432,3.3541052214947578,3.3541052214947578,2
triangle,nlg,additive,1421188080,L0,2383,3.418485545548127,3.418485545548127,0.0,0.0,0.0,0.0,2383,398,3.418485545548127,3.418485545548127,3
triangle,nlg,additive,1421188080,L1-oracle,2383,3.4205717774442825,,0.0,0.001007556675063026,0.015075376884422065,0.014067820209359039,2383,398,3.4205717774442825,3.4219304961281733,3
triangle,nlg,additive,1421188080,L2,2383,3.4199522328204273,,0.0,0.0,0.0,0.0,2383,398,3.4199522328204273,3.4199522328204273,3
triangle,nlg,additive,2507512415,L0,2399,3.361022234799346,3.3609801265507837,4.2108248562211514e-05,0.0,0.0,0.0,2399,368,3.361022234799346,3.361022234799346,4
triangle,nlg,additive,2507512415,L1-oracle,2399,3.3622838822961008,,0.0,0.0,0.0,0.0,2399,368,3.3622838822961008,3.3622838822961008,4
triangle,nlg,additive,2507512415,L2,2399,3.362754588787347,,0.0,0.0,0.0,0.0,2399,368,3.362754588787347,3.362754588787347,4
triangle,nlg,additive,2830493979,L0,2378,3.2475786756393132,3.2475597322223435,1.894341696973001e-05,0.0,0.0,0.0,2378,347,3.2475786756393132,3.2475786756393132,5
triangle,nlg,additive,2830493979,L1-oracle,2378,3.248103847549277,,0.0,0.0,0.0,0.0,2378,347,3.248103847549277,3.248103847549277,5
triangle,nlg,additive,2830493979,L2,2378,3.24846687584736,,0.0,0.0,0.0,0.0,2378,347,3.24846687584736,3.24846687584736,5
triangle,nlg,effect_modifying,3134173889,L0,2524,2.2238823584322,2.2236649222793825,0.0002174361528175517,0.0,0.0,0.0,2524,529,2.2238823584322,2.2238823584322,0
triangle,nlg,effect_modifying,3134173889,L1-oracle,2524,2.2378733391984422,,0.0,0.0005012531328321135,0.0,-0.0005012531328321135,2524,529,2.2378733391984422,2.2393086644438838,0
triangle,nlg,effect_modifying,3134173889,L2,2524,2.243602688382192,,0.0,0.0,0.0,0.0,2524,529,2.243602688382192,2.243602688382192,0
triangle,nlg,effect_modifying,3888140183,L0,2474,2.1902983534373623,2.190154672161367,0.00014368127599517777,0.0,0.0,0.0,2474,500,2.1902983534373623,2.1902983534373623,1
triangle,nlg,effect_modifying,3888140183,L1-oracle,2474,2.2084920011302556,,0.0,0.0,0.0020000000000000018,0.0020000000000000018,2474,500,2.2084920011302556,2.2099378683841344,1
triangle,nlg,effect_modifying,3888140183,L2,2474,2.2082672045965013,,0.0,0.0,0.0,0.0,2474,500,2.2082672045965013,2.2082672045965013,1
triangle,nlg,effect_modifying,242446310,L0,2545,2.226840263427803,2.2266864613400106,0.00015380208779225413,0.0,0.0,0.0,2545,576,2.226840263427803,2.226840263427803,2
triangle,nlg,effect_modifying,242446310,L1-oracle,2545,2.243713781111225,,0.0,0.0,0.0,0.0,2545,576,2.243713781111225,2.243713781111225,2
triangle,nlg,effect_modifying,242446310,L2,2545,2.2443981716116013,,0.0,0.0,0.0,0.0,2545,576,2.2443981716116013,2.2443981716116013,2
triangle,nlg,effect_modifying,1421188080,L0,2522,2.2885018368066734,2.288274407418978,0.00022742938769537702,0.0,0.0,0.0,2522,541,2.2885018368066734,2.2885018368066734,3
triangle,nlg,effect_modifying,1421188080,L1-oracle,2522,2.3027658177187638,,0.0,0.003028773346794522,0.0,-0.003028773346794522,2522,541,2.3027658177187638,2.30983868699256,3
triangle,nlg,effect_modifying,1421188080,L2,2522,2.31139786878675,,0.0,0.0,0.0,0.0,2522,541,2.31139786878675,2.31139786878675,3
triangle,nlg,effect_modifying,2507512415,L0,2534,2.210633010152053,2.210504844208729,0.00012816594332409892,0.0,0.0,0.0,2534,508,2.210633010152053,2.210633010152053,4
triangle,nlg,effect_modifying,2507512415,L1-oracle,2534,2.232164045180654,,0.0,0.0,0.03740157480314965,0.03740157480314965,2534,508,2.232164045180654,2.2601977104135,4
triangle,nlg,effect_modifying,2507512415,L2,2534,2.228672161684034,,0.0,0.0,0.0,0.0,2534,508,2.228672161684034,2.228672161684034,4
triangle,nlg,effect_modifying,2830493979,L0,2535,2.182483989884904,2.182365989360655,0.00011800052424915108,0.0,0.0,0.0,2535,511,2.182483989884904,2.182483989884904,5
triangle,nlg,effect_modifying,2830493979,L1-oracle,2535,2.205272725371415,,0.0,0.0,0.07045009784735812,0.07045009784735812,2535,511,2.205272725371415,2.2680518759915413,5
triangle,nlg,effect_modifying,2830493979,L2,2535,2.1993433652267664,,0.0,0.0,0.0,0.0,2535,511,2.1993433652267664,2.1993433652267664,5
collider,linear,additive,3134173889,L0,865,5.746692158052838,5.706375962080321,0.04031619597251712,0.0,0.0,0.0,865,104,5.746692158052838,5.746692158052838,0
collider,linear,additive,3134173889,L1-oracle,865,4.758033951605345,,0.0,0.0,0.0,0.0,865,104,4.758033951605345,4.758033951605345,0
collider,linear,additive,3134173889,L2,865,4.7091084271474335,,0.0,0.0,0.0,0.0,865,104,4.7091084271474335,4.7091084271474335,0
collider,linear,additive,3888140183,L0,849,5.986804689744051,5.954756371746565,0.032048317997485753,0.0,0.0,0.0,849,132,5.986804689744051,5.986804689744051,1
collider,linear,additive,3888140183,L1-oracle,849,4.9978675759189874,,0.0,0.0,0.0,0.0,849,132,4.9978675759189874,4.9978675759189874,1
collider,linear,additive,3888140183,L2,849,4.909963817273809,,0.0,0.0,0.0,0.0,849,132,4.909963817273809,4.909963817273809,1
collider,linear,additive,242446310,L0,880,5.9753770717937265,5.935537605618795,0.03983946617493128,0.0,0.0,0.0,880,137,5.9753770717937265,5.9753770717937265,2
collider,linear,additive,242446310,L1-oracle,880,4.866902422721869,,0.0,0.44952893674293404,0.03649635036496346,-0.4130325863779706,880,137,4.866902422721869,4.820468340054395,2
collider,linear,additive,242446310,L2,880,4.9450595077226,,0.0,0.0,0.0,0.0,880,137,4.9450595077226,4.9450595077226,2
collider,linear,additive,1421188080,L0,864,6.031945603811654,5.993734586045396,0.03821101776625824,0.0,0.0,0.0,864,132,6.031945603811654,6.031945603811654,3
collider,linear,additive,1421188080,L1-oracle,864,4.85456139890766,,0.0,0.4972677595628415,0.045454545454545414,-0.4518132141082961,864,132,4.85456139890766,4.726023105860605,3
collider,linear,additive,1421188080,L2,864,4.969677548643089,,0.0,0.0,0.0,0.0,864,132,4.969677548643089,4.969677548643089,3
collider,linear,additive,2507512415,L0,861,5.075415505477407,4.976691436578739,0.09872406889866792,0.0,0.0,0.0,861,116,5.075415505477407,5.075415505477407,4
collider,linear,additive,2507512415,L1-oracle,861,4.424981315904368,,0.0,0.3959731543624161,0.051724137931034475,-0.3442490164313816,861,116,4.424981315904368,4.350878839523078,4
collider,linear,additive,2507512415,L2,861,4.471407568545382,,0.0,0.0,0.0,0.0,861,116,4.471407568545382,4.471407568545382,4
collider,linear,additive,2830493979,L0,893,5.674985531622084,5.620420964632395,0.054564566989689034,0.0,0.0,0.0,893,161,5.674985531622084,5.674985531622084,5
collider,linear,additive,2830493979,L1-oracle,893,4.76584505819387,,0.0,0.0,0.0,0.0,893,161,4.76584505819387,4.76584505819387,5
collider,linear,additive,2830493979,L2,893,4.723938650601664,,0.0,0.0,0.0,0.0,893,161,4.723938650601664,4.723938650601664,5
collider,linear,effect_modifying,3134173889,L0,885,5.767964691970215,5.703148896713848,0.06481579525636771,0.0,0.0,0.0,885,124,5.767964691970215,5.767964691970215,0
collider,linear,effect_modifying,3134173889,L1-oracle,885,5.639404282209385,,0.0,0.0,0.0,0.0,885,124,5.639404282209385,5.639404282209385,0
collider,linear,effect_modifying,3134173889,L2,885,5.534824477621595,,0.0,0.0,0.0,0.0,885,124,5.534824477621595,5.534824477621595,0
collider,linear,effect_modifying,3888140183,L0,858,5.8457449737906595,5.7915277665078095,0.054217207282849955,0.0,0.0,0.0,858,141,5.8457449737906595,5.8457449737906595,1
collider,linear,effect_modifying,3888140183,L1-oracle,858,5.4019380564618045,,0.0,0.0,0.0,0.0,858,141,5.4019380564618045,5.4019380564618045,1
collider,linear,effect_modifying,3888140183,L2,858,5.328163197166674,,0.0,0.0,0.0,0.0,858,141,5.328163197166674,5.328163197166674,1
collider,linear,effect_modifying,242446310,L0,894,5.8417262609785015,5.784037341686297,0.057688919292204766,0.0,0.0,0.0,894,151,5.8417262609785015,5.8417262609785015,2
collider,linear,effect_modifying,242446310,L1-oracle,894,5.396918412157964,,0.0,0.05921938088829071,0.09933774834437081,0.040118367456080106,894,151,5.396918412157964,5.456233267531344,2
collider,linear,effect_modifying,242446310,L2,894,5.376557786737897,,0.0,0.0,0.0,0.0,894,151,5.376557786737897,5.376557786737897,2
collider,linear,effect_modifying,1421188080,L0,881,5.916843094839415,5.852910566381523,0.06393252845789199,0.0,0.0,0.0,881,149,5.916843094839415,5.916843094839415,3
collider,linear,effect_modifying,1421188080,L1-oracle,881,5.313377276402202,,0.0,0.9931693989071039,0.08053691275167785,-0.912632486155426,881,149,5.313377276402202,2.7987806084746687,3
collider,linear,effect_modifying,1421188080,L2,881,5.4291490442000825,,0.0,0.0,0.0,0.0,881,149,5.4291490442000825,5.4291490442000825,3
collider,linear,effect_modifying,2507512415,L0,865,4.913691609273199,4.790518753515995,0.12317285575720405,0.0,0.0,0.0,865,120,4.913691609273199,4.913691609273199,4
collider,linear,effect_modifying,2507512415,L1-oracle,865,4.585586181836931,,0.0,0.28859060402684567,0.025000000000000022,-0.26359060402684564,865,120,4.585586181836931,4.592860745318065,4
collider,linear,effect_modifying,2507512415,L2,865,4.665146791883436,,0.0,0.0,0.0,0.0,865,120,4.665146791883436,4.665146791883436,4
collider,linear,effect_modifying,2830493979,L0,896,5.909919737577464,5.831779535342115,0.07814020223534968,0.0,0.0,0.0,896,164,5.909919737577464,5.909919737577464,5
collider,linear,effect_modifying,2830493979,L1-oracle,896,5.290886162323162,,0.0,0.10109289617486339,0.0,-0.10109289617486339,896,164,5.290886162323162,5.289045435114049,5
collider,linear,effect_modifying,2830493979,L2,896,5.300052364855108,,0.0,0.0,0.0,0.0,896,164,5.300052364855108,5.300052364855108,5
collider,nlg,additive,3134173889,L0,934,2.2603216310766023,2.235021782775987,0.02529984830061549,0.0,0.0,0.0,934,173,2.2603216310766023,2.2603216310766023,0
collider,nlg,additive,3134173889,L1-oracle,934,1.9404878233168692,,0.0,0.0,0.0,0.0,934,173,1.9404878233168692,1.9404878233168692,0
collider,nlg,additive,3134173889,L2,934,1.8564005772320926,,0.0,0.0,0.0,0.0,934,173,1.8564005772320926,1.8564005772320926,0
collider,nlg,additive,3888140183,L0,912,2.382584759030154,2.3610579058847803,0.021526853145373614,0.0,0.0,0.0,912,195,2.382584759030154,2.382584759030154,1
collider,nlg,additive,3888140183,L1-oracle,912,2.0388493371266114,,0.0,0.001394700139469962,0.02051282051282055,0.01911812037335059,912,195,2.0388493371266114,2.0364170950278235,1
collider,nlg,additive,3888140183,L2,912,1.9532983881294779,,0.0,0.0,0.0,0.0,912,195,1.9532983881294779,1.9532983881294779,1
collider,nlg,additive,242446310,L0,922,2.1503960663284216,2.1180723187327617,0.032323747595659924,0.0,0.0,0.0,922,179,2.1503960663284216,2.1503960663284216,2
collider,nlg,additive,242446310,L1-oracle,922,1.6945430066223715,,0.0,0.7146702557200538,0.12290502793296088,-0.591765227787093,922,179,1.6945430066223715,1.4974914155956716,2
collider,nlg,additive,242446310,L2,922,1.7465706851225158,,0.0,0.0,0.0,0.0,922,179,1.7465706851225158,1.7465706851225158,2
collider,nlg,additive,1421188080,L0,920,2.2290210096650123,2.2044379456122893,0.024583064052722925,0.0,0.0,0.0,920,188,2.2290210096650123,2.2290210096650123,3
collider,nlg,additive,1421188080,L1-oracle,920,1.6921050667758857,,0.0,0.9754098360655737,0.2872340425531915,-0.6881757935123822,920,188,1.6921050667758857,0.9193098163654536,3
collider,nlg,additive,1421188080,L2,920,1.811776374561857,,0.0,0.0,0.0,0.0,920,188,1.811776374561857,1.811776374561857,3
collider,nlg,additive,2507512415,L0,910,2.135808349677902,2.1099438957289127,0.025864453948989397,0.0,0.0,0.0,910,165,2.135808349677902,2.135808349677902,4
collider,nlg,additive,2507512415,L1-oracle,910,1.6185107363247473,,0.0,0.9959731543624161,0.37575757575757573,-0.6202155786048403,910,165,1.6185107363247473,0.2476432040371215,4
collider,nlg,additive,2507512415,L2,910,1.7424978327175173,,0.0,0.0,0.0,0.0,910,165,1.7424978327175173,1.7424978327175173,4
collider,nlg,additive,2830493979,L0,913,2.1615673827620565,2.1281680739925664,0.033399308769490155,0.0,0.0,0.0,913,181,2.1615673827620565,2.1615673827620565,5
collider,nlg,additive,2830493979,L1-oracle,913,1.7991438938455346,,0.0,0.0,0.0,0.0,913,181,1.7991438938455346,1.7991438938455346,5
collider,nlg,additive,2830493979,L2,913,1.7577299611381134,,0.0,0.0,0.0,0.0,913,181,1.7577299611381134,1.7577299611381134,5
collider,nlg,effect_modifying,3134173889,L0,941,2.244138264090629,2.2062228456341137,0.03791541845651514,0.0,0.0,0.0,941,180,2.244138264090629,2.244138264090629,0
collider,nlg,effect_modifying,3134173889,L1-oracle,941,2.2127518079830675,,0.0,0.0,0.005555555555555536,0.005555555555555536,941,180,2.2127518079830675,2.2115150731444753,0
collider,nlg,effect_modifying,3134173889,L2,941,2.074205710747452,,0.0,0.0,0.0,0.0,941,180,2.074205710747452,2.074205710747452,0
collider,nlg,effect_modifying,3888140183,L0,910,2.367536106409931,2.3368064712327477,0.0307296351771833,0.0,0.0,0.0,910,193,2.367536106409931,2.367536106409931,1
collider,nlg,effect_modifying,3888140183,L1-oracle,910,2.21530583885809,,0.0,0.03347280334728031,0.0,-0.03347280334728031,910,193,2.21530583885809,2.216064316907634,1
collider,nlg,effect_modifying,3888140183,L2,910,2.184746777373183,,0.0,0.0,0.0,0.0,910,193,2.184746777373183,2.184746777373183,1
collider,nlg,effect_modifying,242446310,L0,929,2.1240113657737414,2.0786586120348587,0.0453527537388827,0.0,0.0,0.0,929,186,2.1240113657737414,2.1240113657737414,2
collider,nlg,effect_modifying,242446310,L1-oracle,929,1.9363067182649263,,0.0,0.026917900403768513,0.30107526881720426,0.27415736841343574,929,186,1.9363067182649263,2.0370661576253664,2
collider,nlg,effect_modifying,242446310,L2,929,1.9005176682409228,,0.0,0.0,0.0,0.0,929,186,1.9005176682409228,1.9005176682409228,2
collider,nlg,effect_modifying,1421188080,L0,919,2.197028442845048,2.155857636210964,0.04117080663408412,0.0,0.0,0.0,919,187,2.197028442845048,2.197028442845048,3
collider,nlg,effect_modifying,1421188080,L1-oracle,919,1.862805700858893,,0.0,0.98224043715847,0.31016042780748665,-0.6720800093509833,919,187,1.862805700858893,1.710811047909524,3
collider,nlg,effect_modifying,1421188080,L2,919,1.9753106035073673,,0.0,0.0,0.0,0.0,919,187,1.9753106035073673,1.9753106035073673,3
collider,nlg,effect_modifying,2507512415,L0,917,2.170182158669955,2.132681776206903,0.037500382463051984,0.0,0.0,0.0,917,172,2.170182158669955,2.170182158669955,4
collider,nlg,effect_modifying,2507512415,L1-oracle,917,1.7427692175788156,,0.0,1.0,0.22093023255813948,-0.7790697674418605,917,172,1.7427692175788156,,4
collider,nlg,effect_modifying,2507512415,L2,917,1.9925431179283064,,0.0,0.0,0.0,0.0,917,172,1.9925431179283064,1.9925431179283064,4
collider,nlg,effect_modifying,2830493979,L0,920,2.1303870219881773,2.085228927700666,0.045158094287511386,0.0,0.0,0.0,920,188,2.1303870219881773,2.1303870219881773,5
collider,nlg,effect_modifying,2830493979,L1-oracle,920,1.8158643049895322,,0.0,0.930327868852459,0.0,-0.930327868852459,920,188,1.8158643049895322,1.1732854092469474,5
collider,nlg,effect_modifying,2830493979,L2,920,1.8738088468959782,,0.0,0.0,0.0,0.0,920,188,1.8738088468959782,1.8738088468959782,5
