topology,family,regime,seed_idx,seed,S_neg1,S_pos1,ΔS
triangle,linear,additive,0,3134173889,0.5,0.5,0.0
triangle,linear,additive,1,3888140183,0.5,0.5,0.0
triangle,linear,additive,2,242446310,0.5,0.5,0.0
triangle,linear,additive,3,1421188080,0.5,0.5,0.0
triangle,linear,additive,4,2507512415,0.5,0.5,0.0
triangle,linear,additive,5,2830493979,0.5,0.5,0.0
triangle,linear,effect_modifying,0,3134173889,0.3,0.9,-0.6000000000000001
triangle,linear,effect_modifying,1,3888140183,0.3,0.9,-0.6000000000000001
triangle,linear,effect_modifying,2,242446310,0.3,0.9,-0.6000000000000001
triangle,linear,effect_modifying,3,1421188080,0.3,0.9,-0.6000000000000001
triangle,linear,effect_modifying,4,2507512415,0.3,0.9,-0.6000000000000001
triangle,linear,effect_modifying,5,2830493979,0.3,0.9,-0.6000000000000001
triangle,nlg,additive,0,3134173889,0.15741971071877564,0.15543716183321446,0.0019825488855611806
triangle,nlg,additive,1,3888140183,0.15741971071877564,0.15543716183321446,0.0019825488855611806
triangle,nlg,additive,2,242446310,0.15741971071877564,0.15543716183321446,0.0019825488855611806
triangle,nlg,additive,3,1421188080,0.15741971071877564,0.15543716183321446,0.0019825488855611806
triangle,nlg,additive,4,2507512415,0.15741971071877564,0.15543716183321446,0.0019825488855611806
triangle,nlg,additive,5,2830493979,0.15741971071877564,0.15543716183321446,0.0019825488855611806
triangle,nlg,effect_modifying,0,3134173889,0.09445182643126537,0.279786891299786,-0.18533506486852064
triangle,nlg,effect_modifying,1,3888140183,0.09445182643126537,0.279786891299786,-0.18533506486852064
triangle,nlg,effect_modifying,2,242446310,0.09445182643126537,0.279786891299786,-0.18533506486852064
triangle,nlg,effect_modifying,3,1421188080,0.09445182643126537,0.279786891299786,-0.18533506486852064
triangle,nlg,effect_modifying,4,2507512415,0.09445182643126537,0.279786891299786,-0.18533506486852064
triangle,nlg,effect_modifying,5,2830493979,0.09445182643126537,0.279786891299786,-0.18533506486852064
collider,linear,additive,0,3134173889,0.7071067811865476,0.7071067811865476,0.0
collider,linear,additive,1,3888140183,0.7071067811865476,0.7071067811865476,0.0
collider,linear,additive,2,242446310,0.7071067811865476,0.7071067811865476,0.0
collider,linear,additive,3,1421188080,0.7071067811865476,0.7071067811865476,0.0
collider,linear,additive,4,2507512415,0.7071067811865476,0.7071067811865476,0.0
collider,linear,additive,5,2830493979,0.7071067811865476,0.7071067811865476,0.0
collider,linear,effect_modifying,0,3134173889,0.5385164807134504,0.9433981132056605,-0.4048816324922101
collider,linear,effect_modifying,1,3888140183,0.5385164807134504,0.9433981132056605,-0.4048816324922101
collider,linear,effect_modifying,2,242446310,0.5385164807134504,0.9433981132056605,-0.4048816324922101
collider,linear,effect_modifying,3,1421188080,0.5385164807134504,0.9433981132056605,-0.4048816324922101
collider,linear,effect_modifying,4,2507512415,0.5385164807134504,0.9433981132056605,-0.4048816324922101
collider,linear,effect_modifying,5,2830493979,0.5385164807134504,0.9433981132056605,-0.4048816324922101
collider,nlg,additive,0,3134173889,0.7163047507822978,0.7158072612144641,0.0004974895678336866
collider,nlg,additive,1,3888140183,0.7163047507822978,0.7158072612144641,0.0004974895678336866
collider,nlg,additive,2,242446310,0.7163047507822978,0.7158072612144641,0.0004974895678336866
collider,nlg,additive,3,1421188080,0.7163047507822978,0.7158072612144641,0.0004974895678336866
collider,nlg,additive,4,2507512415,0.7163047507822978,0.7158072612144641,0.0004974895678336866
collider,nlg,additive,5,2830493979,0.7163047507822978,0.7158072612144641,0.0004974895678336866
collider,nlg,effect_modifying,0,3134173889,0.5829340485601967,0.8820928856932865,-0.29915883713308977
collider,nlg,effect_modifying,1,3888140183,0.5829340485601967,0.8820928856932865,-0.29915883713308977
collider,nlg,effect_modifying,2,242446310,0.5829340485601967,0.8820928856932865,-0.29915883713308977
collider,nlg,effect_modifying,3,1421188080,0.5829340485601967,0.8820928856932865,-0.29915883713308977
collider,nlg,effect_modifying,4,2507512415,0.5829340485601967,0.8820928856932865,-0.29915883713308977
collider,nlg,effect_modifying,5,2830493979,0.5829340485601967,0.8820928856932865,-0.29915883713308977
chain,linear,additive,0,3134173889,0.75,0.75,0.0
chain,linear,additive,1,3888140183,0.75,0.75,0.0
chain,linear,additive,2,242446310,0.75,0.75,0.0
chain,linear,additive,3,1421188080,0.75,0.75,0.0
chain,linear,additive,4,2507512415,0.75,0.75,0.0
chain,linear,additive,5,2830493979,0.75,0.75,0.0
chain,linear,effect_modifying,0,3134173889,0.5477225575051661,1.02469507659596,-0.47697251909079386
chain,linear,effect_modifying,1,3888140183,0.5477225575051661,1.02469507659596,-0.47697251909079386
chain,linear,effect_modifying,2,242446310,0.5477225575051661,1.02469507659596,-0.47697251909079386
chain,linear,effect_modifying,3,1421188080,0.5477225575051661,1.02469507659596,-0.47697251909079386
chain,linear,effect_modifying,4,2507512415,0.5477225575051661,1.02469507659596,-0.47697251909079386
chain,linear,effect_modifying,5,2830493979,0.5477225575051661,1.02469507659596,-0.47697251909079386
chain,nlg,additive,0,3134173889,0.6482513249847551,0.6464804359669155,0.0017708890178396164
chain,nlg,additive,1,3888140183,0.6482513249847551,0.6464804359669155,0.0017708890178396164
chain,nlg,additive,2,242446310,0.6482513249847551,0.6464804359669155,0.0017708890178396164
chain,nlg,additive,3,1421188080,0.6482513249847551,0.6464804359669155,0.0017708890178396164
chain,nlg,additive,4,2507512415,0.6482513249847551,0.6464804359669155,0.0017708890178396164
chain,nlg,additive,5,2830493979,0.6482513249847551,0.6464804359669155,0.0017708890178396164
chain,nlg,effect_modifying,0,3134173889,0.5241082293980815,0.8663357652916781,-0.34222753589359656
chain,nlg,effect_modifying,1,3888140183,0.5241082293980815,0.8663357652916781,-0.34222753589359656
chain,nlg,effect_modifying,2,242446310,0.5241082293980815,0.8663357652916781,-0.34222753589359656
chain,nlg,effect_modifying,3,1421188080,0.5241082293980815,0.8663357652916781,-0.34222753589359656
chain,nlg,effect_modifying,4,2507512415,0.5241082293980815,0.8663357652916781,-0.34222753589359656
chain,nlg,effect_modifying,5,2830493979,0.5241082293980815,0.8663357652916781,-0.34222753589359656
